date,team,opp,location,spread,total,moneylune,scpre,mov,ats margin,combined,ou margin
2025-03-02,N Florida,Austin Peay,Neutral,-3.5,158,-170,69-90,-21,-24.5,159,1
2/1/2025,Hampton,Howard,Neutral,-2,146.5,-143,80-79,1,-1,159,12.5
2/11/2025,Loyola Mymt,Pepperdine,Away,-2.5,144.5,-146,69-60,9,6.5,129,-15.5
2/8/2025,C Michigan,Texas St,Home,-2,141,-135,85-70,15,13,155,14
2/8/2025,Ohio,App State,Home,-4.5,141.5,-199,59-72,-13,-17.5,131,-10.5
2/8/2025,Bowling Green,Coastal Car,Home,-5,140,-218,67-53,14,9,120,-20
2/8/2025,Georgia St,Buffalo,Away,-3,160.5,-148,80-75,5,2,155,-5.5
2/8/2025,Ball St,Southern Miss,Home,-3,147.5,-158,77-76,1,-2,153,5.5
2/8/2025,Akron,S Alabama,Home,-7,147,-290,80-67,13,6,147,0
2/10/2025,Campbell,NC A&T,Home,-13,139.5,-1050,66-62,4,-9,128,-11.5
3/1/2025,NC Central,Howard,Home,-3,156.5,-163,72-68,4,1,140,-16.5
3/2/2025,Kansas St,Colorado,Home,-6.5,141.5,-298,65-56,9,2.5,121,-20.5
3/2/2025,Michigan,Illinois,Home,-3,162.5,-160,73-93,-20,-23,166,3.5
3/2/2025,Illinois Chicago,Valparaiso,Home,-6.5,153.5,-265,77-73,4,-2.5,150,-3.5
3/2/2025,Belmont,Murray St,Home,-2.5,151,-152,70-60,10,7.5,130,-21
3/2/2025,Marist,Saint Peter's,Home,-3.5,123,-171,52-57,-5,-8.5,109,-14
3/2/2025,Sacred Heart,Fairfield,Home,-6,149.5,-255,83-62,21,15,145,-4.5
3/2/2025,Michigan St,Wisconsin,Home,-4.5,146.5,-195,71-62,9,4.5,133,-13.5
3/2/2025,Iona,Canisius,Away,-5.5,142.5,-247,82-52,30,24.5,134,-8.5
3/2/2025,Liberty,Kennesaw St,Home,-8.5,140.5,-410,80-85,-5,-13.5,165,24.5
3/2/2025,Drake,Missouri St,Home,-14.5,121.5,-1400,68-60,8,-6.5,128,6.5
3/2/2025,Florida Atlantic,S Florida,Away,-2.5,154,-132,69-63,6,3.5,132,-22
3/2/2025,E Carolina,Charlotte,Home,-10,140.5,-550,78-76,2,-8,154,13.5
3/2/2025,UTSA,Rice,Home,-1.5,151,-125,84-56,28,26.5,140,-11
3/2/2025,Illinois St,Evansville,Home,-10.5,141.5,-670,62-53,9,-1.5,115,-26.5
3/2/2025,Indiana St,S Illinois,Home,-2.5,157.5,-152,95-77,18,15.5,172,14.5
3/2/2025,Bradley,N Iowa,Home,-4.5,141.5,-218,73-56,17,12.5,129,-12.5
3/1/2025,Hawai'i,UC Davis,Home,-3.5,132,-178,78-70,8,4.5,148,16
3/1/2025,Gonzaga,San Francisco,Neutral,-9.5,157.5,-500,95-75,20,10.5,170,12.5
3/1/2025,Saint Mary's,Oregon St,Home,-12,130.5,-815,74-64,10,-2,138,7.5
3/1/2025,Washington St,Pepperdine,Away,-4.5,160.5,-190,90-83,7,2.5,173,12.5
3/1/2025,UCSD,CS Fullerton,Home,-27,142.5,-8000,100-55,45,18,155,12.5
3/1/2025,California,Boston College,Home,-8.5,144.5,-410,82-71,11,2.5,153,8.5
3/1/2025,BYU,West Virginia,Home,-10,140,-568,77-56,21,11,133,-7
3/1/2025,New Mexico St,W Kentucky,Home,-4,142.5,-180,65-47,18,14,112,-30.5
3/1/2025,Cal Baptist,Utah Tech,Away,-1.5,144.5,-128,61-57,4,2.5,118,-26.5
3/1/2025,Iowa St,Arizona,Home,-6,152.5,-276,84-67,17,11,151,-1.5
3/1/2025,Florida,Texas A&M,Home,-8.5,149,-440,89-70,19,10.5,159,10
3/1/2025,Marquette,Georgetown,Away,-8.5,147.5,-425,76-61,15,6.5,137,-10.5
3/1/2025,Texas,Georgia,Home,-5.5,145.5,-240,67-83,-16,-21.5,150,4.5
3/1/2025,CS Northridge,UCSB,Home,-5,149,-215,103-77,26,21,180,31
3/1/2025,Baylor,Oklahoma St,Home,-12.5,151.5,-1000,71-61,10,-2.5,132,-19.5
3/1/2025,NC Wilmington,Delaware,Home,-10.5,154.5,-700,88-58,30,19.5,146,-8.5
3/1/2025,Oakland,Green Bay,Away,-8.5,148.5,-425,87-84,3,-5.5,171,22.5
3/1/2025,Columbia,Penn,Home,-3.5,154.5,-170,87-92,-5,-8.5,179,24.5
3/1/2025,Duke,Florida St,Home,-23,149.5,-6500,100-65,35,12,165,15.5
3/1/2025,Utah,Arizona St,Home,-8.5,148.5,-395,99-73,26,17.5,172,23.5
3/1/2025,Missouri,Vanderbilt,Away,-2,157.5,-142,93-97,-4,-6,190,32.5
3/1/2025,Louisville,Pittsburgh,Home,-10.5,150,-600,79-68,11,0.5,147,-3
3/1/2025,Indiana,Washington,Away,-1.5,144.5,-126,78-62,16,14.5,140,-4.5
3/2/2025,Cornell,Princeton,Home,-4,156,-195,102-70,32,28,172,16
3/1/2025,UT Rio Grande,New Orleans,Home,-10.5,155.5,-684,88-78,10,-0.5,166,10.5
3/1/2025,Texas A&M-CC,SE Louisiana,Home,-2.5,138.5,-151,68-54,14,11.5,122,-16.5
3/1/2025,Alcorn St,Prairie View,Home,-9.5,141.5,-500,71-55,16,6.5,126,-15.5
3/1/2025,Southern,Bethune,Away,-2.5,141.5,-142,69-70,-1,-3.5,139,-2.5
3/1/2025,Wake Forest,Notre Dame,Home,-9.5,138.5,-470,74-71,3,-6.5,145,6.5
3/1/2025,Cal Poly,CS Bakersfield,Home,-3.5,161.5,-169,98-72,26,22.5,170,8.5
3/1/2025,South Dakota,North Dakota,Home,-4,175.5,-180,92-79,13,9,171,-4.5
3/1/2025,Portland St,Montana,Home,-3,143.5,-162,79-76,3,0,155,11.5
3/1/2025,Xavier,Creighton,Home,-2,151.5,-135,83-61,22,20,144,-7.5
3/1/2025,SIU Edward,Little Rock,Home,-2.5,136,-148,73-65,8,5.5,138,2
3/1/2025,NW State,Hou Christian,Home,-4,132,-183,61-56,5,1,117,-15
3/1/2025,UT Martin,Morehead St,Home,-5.5,133.5,-225,47-59,-12,-17.5,106,-27.5
3/1/2025,SE Missouri St,E Illinois,Away,-5.5,136.5,-225,58-73,-15,-20.5,131,-5.5
3/1/2025,Mercer,W Carolina,Home,-8.5,158.5,-397,81-69,12,3.5,150,-8.5
3/1/2025,Houston,Cincinnati,Home,-13,125.5,-1100,73-64,9,-4,137,11.5
3/1/2025,Tenn Tech,Lindenwood,Home,-4.5,145.5,-190,74-76,-2,-6.5,150,4.5
3/1/2025,UTEP,Middle Tenn,Home,-2,146.5,-137,75-76,-1,-3,151,4.5
3/1/2025,Auburn,Kentucky,Away,-4.5,166,-205,94-78,16,11.5,172,6
3/1/2025,Colorado St,Utah St,Home,-2,149.5,-135,93-66,27,25,159,9.5
3/1/2025,Montana St,Sacramento St,Away,-5.5,135.5,-245,87-60,27,21.5,147,11.5
3/1/2025,Navy,Loyola MD,Home,-4.5,137.5,-185,81-68,13,8.5,149,11.5
3/1/2025,Delaware St,Coppin St,Home,-10.5,147.5,-625,83-79,4,-6.5,162,14.5
3/1/2025,Morgan St,Maryland ES,Away,-4,150,-175,75-72,3,-1,147,-3
3/1/2025,Oregon,USC,Home,-7,150,-330,82-61,21,14,143,-7
3/1/2025,S Carolina St,Norfolk St,Home,-3,147.5,-148,91-88,3,0,179,31.5
3/1/2025,Mississippi St,LSU,Home,-11.5,150,-797,81-69,12,0.5,150,0
3/1/2025,Sam Houston,Louisiana Tech,Home,-2,140,-136,66-90,-24,-26,156,16
3/1/2025,Incarnate Word,E Texas A&M,Away,-4.5,137,-192,75-68,7,2.5,143,6
3/1/2025,Cleveland St,Purdue FW,Home,-2.5,148.5,-148,68-57,11,8.5,125,-23.5
3/1/2025,UT Arlington,Abl Christian,Home,-4.5,145.5,-204,59-70,-11,-15.5,129,-16.5
3/1/2025,Georgia Tech,NC State,Home,-3.5,140.5,-166,87-62,25,21.5,149,8.5
3/1/2025,TCU,UCF,Home,-3.5,151,-158,89-78,11,7.5,167,16
3/1/2025,Wright St,IU Indy,Away,-4.5,153,-185,84-91,-7,-11.5,175,22
3/1/2025,St John's,Seton Hall,Home,-20,135.5,-6200,71-61,10,-10,132,-3.5
3/1/2025,Mississippi,Oklahoma,Home,-7.5,153,-340,87-84,3,-4.5,171,18
3/1/2025,Jacksonville St,Florida Intl,Away,-2.5,137.5,-152,84-79,5,2.5,163,25.5
3/1/2025,Wofford,Furman,Home,-3.5,142.5,-173,75-78,-3,-6.5,153,10.5
3/1/2025,Tulane,Tulsa,Away,-3,141.5,-165,79-77,2,-1,156,14.5
3/1/2025,Kansas,Texas Tech,Home,-3.5,144.5,-185,73-78,-5,-8.5,151,6.5
3/1/2025,Nebraska,Minnesota,Home,-7.5,135.5,-333,65-67,-2,-9.5,132,-3.5
3/1/2025,Bryant,Maine,Away,-2,146.5,-139,80-72,8,6,152,5.5
3/1/2025,Chattanooga,VMI,Away,-9,151.5,-470,91-70,21,12,161,9.5
3/1/2025,N Kentucky,Youngstown St,Home,-2.5,145,-155,88-79,9,6.5,167,22
3/1/2025,South Carolina,Arkansas,Home,-1.5,140,-130,72-53,19,17.5,125,-15
3/1/2025,Tennessee,Alabama,Home,-4,160,-184,79-76,3,-1,155,-5
3/1/2025,Vermont,UMBC,Away,-8,143,-341,79-69,10,2,148,5
3/1/2025,McNeese,Lamar,Away,-9,135.5,-410,68-66,2,-7,134,-1.5
3/1/2025,Villanova,Butler,Home,-8,144.5,-375,80-70,10,2,150,5.5
3/1/2025,UConn,Providence,Away,-7.5,146,-340,75-63,12,4.5,138,-8
3/1/2025,Idaho,Weber St,Home,-6,144.5,-265,81-79,2,-4,160,15.5
3/1/2025,Idaho St,E Washington,Away,-4,143.5,-180,78-54,24,20,132,-11.5
3/1/2025,Seattle,Grand Canyon,Home,-1.5,142,-130,60-63,-3,-4.5,123,-19
3/1/2025,Utah Valley,S Utah,Home,-14.5,142.5,-1450,100-59,41,26.5,159,16.5
3/1/2025,Portland,San Diego,Away,-2,159.5,-140,80-82,-2,-4,162,2.5
3/1/2025,Santa Clara,Pacific,Away,-13,148.5,-1050,97-66,31,18,163,14.5
3/1/2025,UC Irvine,Long Beach St,Home,-16.5,136.5,-2250,70-60,10,-6.5,130,-6.5
3/1/2025,William & Mary,Northeastern,Home,-3,152.5,-161,68-70,-2,-5,138,-14.5
3/1/2025,Drexel,Monmouth,Home,-5.5,135,-235,71-61,10,4.5,132,-3
3/1/2025,Hofstra,NC A&T,Home,-9.5,128.5,-492,70-49,21,11.5,119,-9.5
3/1/2025,Elon,Stony Brook,Away,-5.5,137.5,-250,66-71,-5,-10.5,137,-0.5
3/1/2025,Charleston,Campbell,Home,-7.5,146,-323,87-65,22,14.5,152,6
3/1/2025,Milwaukee,Detroit Mercy,Home,-17.5,145.5,-2300,89-67,22,4.5,156,10.5
3/1/2025,Tennessee St,S Indiana,Home,-7.5,151,-354,74-69,5,-2.5,143,-8
3/1/2025,Bowling Green,Ball St,Home,-2,147.5,-127,61-52,9,7,113,-34.5
2/28/2025,C Michigan,E Michigan,Away,-2.5,147,-145,73-84,-11,-13.5,157,10
2/28/2025,Akron,Kent St,Home,-3.5,156.5,-168,77-72,5,1.5,149,-7.5
3/1/2025,Ohio,Miami OH,Home,-6,159,-260,75-66,9,3,141,-18
3/1/2025,Toledo,Buffalo,Away,-7,159.5,-300,74-87,-13,-20,161,1.5
3/1/2025,W Michigan,N Illinois,Away,-5,148,-221,74-70,4,-1,144,-4
3/1/2025,E Tennessee St,The Citadel,Away,-11.5,132,-737,81-66,15,3.5,147,15
3/1/2025,St Thomas,Kansas City,Home,-9,142,-442,65-59,6,-3,124,-18
3/1/2025,Omaha,Oral Roberts,Home,-10.5,156,-550,80-57,23,12.5,137,-19
3/1/2025,S Dakota St,Denver,Away,-8,147.5,-375,62-78,-16,-24,140,-7.5
3/1/2025,Saint Joseph's,Fordham,Away,-8.5,151.5,-400,90-76,14,5.5,166,14.5
3/1/2025,Virginia Tech,Syracuse,Home,-3.5,144,-175,101-95,6,2.5,196,52
3/1/2025,Dayton,Richmond,Home,-14.5,135.5,-1400,74-64,10,-4.5,138,2.5
3/1/2025,George Mason,Duquesne,Away,-2,126.5,-133,68-85,-17,-19,153,26.5
3/1/2025,G Washington,La Salle,Home,-9.5,143.5,-475,71-60,11,1.5,131,-12.5
3/1/2025,Saint Louis,Loyola Chi,Home,-2,142.5,-135,98-67,31,29,165,22.5
3/1/2025,UMass,Rhode Island,Home,-2.5,155.5,-142,91-88,3,0.5,179,23.5
3/1/2025,North Carolina,Miami,Home,-17.5,159,-3000,92-73,19,1.5,165,6
3/1/2025,Clemson,Virginia,Away,-6.5,132,-290,71-58,13,6.5,129,-3
3/1/2025,C Connecticut,Wagner,Away,-6.5,122.5,-298,55-48,7,0.5,103,-19.5
3/1/2025,St Francis PA,Chicago St,Home,-9.5,142.5,-470,80-71,9,-0.5,151,8.5
3/1/2025,Stonehill,Le Moyne,Home,-5.5,146.5,-274,85-79,6,0.5,164,17.5
3/1/2025,Alabama St,Alabama A&M,Home,-7.5,148.5,-340,94-52,42,34.5,146,-2.5
3/1/2025,Maryland,Penn St,Away,-4.5,155.5,-208,68-64,4,-0.5,132,-23.5
3/1/2025,Yale,Harvard,Away,-10.5,144.5,-564,69-74,-5,-15.5,143,-1.5
3/1/2025,Bucknell,Holy Cross,Away,-5.5,139,-229,94-81,13,7.5,175,36
3/1/2025,Boston U,Lafayette,Home,-3,128.5,-155,66-64,2,-1,130,1.5
3/1/2025,Army,Lehigh,Home,-4.5,142.5,-190,67-89,-22,-26.5,156,13.5
3/1/2025,Colgate,American,Home,-3,140.5,-162,59-67,-8,-11,126,-14.5
3/1/2025,Florida A&M,Grambling,Home,-3,133.5,-155,73-68,5,2,141,7.5
3/1/2025,Jackson St,Texas So,Home,-3.5,143.5,-170,67-52,15,11.5,119,-24.5
3/1/2025,AR-Pine Bluff,Miss Valley St,Away,-9.5,142,-561,83-58,25,15.5,141,-1
3/1/2025,Albany,NJIT,Away,-6.5,144,-283,86-59,27,20.5,145,1
3/1/2025,UMass Lowell,Binghamton,Home,-8.5,150.5,-410,79-53,26,17.5,132,-18.5
3/1/2025,New Mexico,Air Force,Home,-22,145,-7800,92-71,21,-1,163,18
3/1/2025,San Diego St,Wyoming,Away,-7.5,132.5,-330,72-69,3,-4.5,141,8.5
3/1/2025,Boise St,Fresno St,Away,-16.5,145.5,-2100,66-61,5,-11.5,127,-18.5
3/1/2025,Towson,Hampton,Home,-7,132.5,-315,75-72,3,-4,147,14.5
3/1/2025,Radford,Charleston So,Home,-9.5,138,-500,76-60,16,6.5,136,-2
3/1/2025,Presbyterian,Gardner-Webb,Home,-3.5,143.5,-177,68-57,11,7.5,125,-18.5
3/1/2025,Longwood,SC Upstate,Away,-7,161,-298,83-66,17,10,149,-12
3/1/2025,Winthrop,NC Asheville,Home,-4.5,164.5,-180,103-90,13,8.5,193,28.5
2/28/2025,Nevada,UNLV,Away,-2.5,133.5,-142,55-68,-13,-15.5,123,-10.5
2/28/2025,Northwestern,Iowa,Home,-4.5,150.5,-208,68-57,11,6.5,125,-25.5
2/28/2025,Marshall,App State,Home,-3,134.5,-155,75-57,18,15,132,-2.5
2/28/2025,Purdue,UCLA,Home,-5.5,137.5,-254,76-66,10,4.5,142,4.5
2/28/2025,Princeton,Columbia,Away,-5,150.5,-209,73-68,5,0,141,-9.5
2/28/2025,Arkansas St,UL Monroe,Away,-17.5,151,-2100,94-67,27,9.5,161,10
2/28/2025,Sacred Heart,Marist,Home,-2,145,-130,67-54,13,11,121,-24
2/28/2025,Quinnipiac,Saint Peter's,Home,-11,140,-600,69-64,5,-6,133,-7
2/28/2025,Mt St Mary's,Fairfield,Away,-2,142.5,-130,62-69,-7,-9,131,-11.5
2/28/2025,VCU,Davidson,Home,-14.5,142,-1600,80-56,24,9.5,136,-6
2/28/2025,Cornell,Penn,Home,-8.5,161.5,-410,90-62,28,19.5,152,-9.5
2/28/2025,Yale,Dartmouth,Away,-8,157.5,-400,72-67,5,-3,139,-18.5
2/28/2025,Manhattan,Canisius,Away,-6.5,148.5,-276,77-72,5,-1.5,149,0.5
2/28/2025,Merrimack,Rider,Home,-9.5,131,-481,78-83,-5,-14.5,161,30
2/28/2025,Troy,Southern Miss,Away,-9.5,144,-575,70-58,12,2.5,128,-16
2/28/2025,S Alabama,Louisiana,Home,-12.5,136,-1000,65-42,23,10.5,107,-29
2/28/2025,Georgia So,Georgia St,Home,-5.5,158,-242,76-75,1,-4.5,151,-7
2/28/2025,J Madison,Texas St,Away,-1.5,142.5,-135,93-102,-9,-10.5,195,52.5
2/26/2025,Oregon St,San Francisco,Home,-3,143.5,-165,72-74,-2,-5,146,2.5
2/25/2025,Gonzaga,Santa Clara,Away,-6.5,163,-299,95-76,19,12.5,171,8
2/27/2025,Portland St,Montana St,Home,-3,142.5,-164,69-52,17,14,121,-21.5
2/27/2025,UC Irvine,CS Fullerton,Away,-17.5,142.5,-2300,76-51,25,7.5,127,-15.5
2/27/2025,UCSD,CS Northridge,Away,-5.5,148.5,-250,77-71,6,0.5,148,-0.5
2/27/2025,CS Bakersfield,Long Beach St,Away,-2,138,-128,88-87,1,-1,175,37
2/27/2025,Montana,Sacramento St,Away,-8,143.5,-380,60-54,6,-2,114,-29.5
2/27/2025,Washington St,San Diego,Home,-13.5,157.5,-1050,93-86,7,-6.5,179,21.5
2/27/2025,Utah Tech,S Utah,Home,-3.5,146,-179,75-82,-7,-10.5,157,11
2/27/2025,UTEP,W Kentucky,Home,-5.5,148.5,-238,73-80,-7,-12.5,153,4.5
2/27/2025,Michigan,Rutgers,Home,-9,155.5,-500,84-82,2,-7,166,10.5
2/27/2025,SIU Edward,SE Missouri St,Home,-3,140.5,-175,68-83,-15,-18,151,10.5
2/27/2025,Tennessee St,Morehead St,Home,-5.5,141,-250,64-55,9,3.5,119,-22
2/27/2025,UT Martin,S Indiana,Home,-7,142.5,-300,79-63,16,9,142,-0.5
2/27/2025,Little Rock,E Illinois,Away,-6,129.5,-265,60-71,-11,-17,131,1.5
2/27/2025,Tenn Tech,W Illinois,Home,-7.5,141,-360,69-82,-13,-20.5,151,10
2/27/2025,F Dickinson,Stonehill,Home,-3.5,140.5,-175,82-69,13,9.5,151,10.5
2/27/2025,Tarleton St,Abl Christian,Home,-1.5,133,-125,67-52,15,13.5,119,-14
2/27/2025,St Thomas,North Dakota,Home,-10,160,-563,86-71,15,5,157,-3
2/27/2025,Milwaukee,Oakland,Home,-5.5,148,-245,71-66,5,-0.5,137,-11
2/27/2025,Liberty,Jacksonville St,Home,-6.5,133.5,-298,59-55,4,-2.5,114,-19.5
2/27/2025,Purdue FW,N Kentucky,Home,-6.5,151,-300,74-79,-5,-11.5,153,2
2/27/2025,Green Bay,Detroit Mercy,Home,-3.5,145.5,-165,76-71,5,1.5,147,1.5
2/27/2025,NC Wilmington,Campbell,Away,-3.5,139,-185,79-60,19,15.5,139,0
2/27/2025,Kennesaw St,Florida Intl,Away,-4,147.5,-168,61-76,-15,-19,137,-10.5
2/27/2025,Maine,New Hampshire,Away,-7.5,137,-360,73-66,7,-0.5,139,2
2/27/2025,Robert Morris,IU Indy,Away,-7.5,151,-342,82-68,14,6.5,150,-1
2/27/2025,Samford,VMI,Away,-11,155,-650,95-83,12,1,178,23
2/27/2025,Albany,UMBC,Away,-2,158,-128,78-74,4,2,152,-6
2/27/2025,Bryant,UMass Lowell,Away,-3.5,162.5,-170,79-78,1,-2.5,157,-5.5
2/27/2025,E Washington,Weber St,Home,-4,141,-175,64-66,-2,-6,130,-11
2/27/2025,Drexel,Hampton,Home,-3.5,130,-177,53-52,1,-2.5,105,-25
2/27/2025,Northeastern,NC A&T,Home,-11,139.5,-675,69-55,14,3,124,-15.5
2/27/2025,UCSB,Cal Poly,Home,-7,158.5,-300,96-77,19,12,173,14.5
2/27/2025,Grand Canyon,UT Arlington,Home,-11.5,150.5,-750,85-71,14,2.5,156,5.5
2/27/2025,Seattle,Cal Baptist,Home,-6.5,136,-280,72-48,24,17.5,120,-16
2/27/2025,Charleston,Delaware,Home,-7,159.5,-339,94-84,10,3,178,18.5
2/27/2025,Hofstra,Stony Brook,Away,-6.5,131.5,-285,56-59,-3,-9.5,115,-16.5
2/27/2025,Portland,Pepperdine,Home,-3.5,156.5,-180,87-67,20,16.5,154,-2.5
2/27/2025,Saint Mary's,Loyola Mymt,Away,-12.5,135,-1050,58-55,3,-9.5,113,-22
2/27/2025,Kansas City,Denver,Home,-7.5,134.5,-350,64-56,8,0.5,120,-14.5
2/27/2025,S Dakota St,Oral Roberts,Away,-7.5,154.5,-326,77-69,8,0.5,146,-8.5
2/27/2025,Towson,William & Mary,Home,-6.5,146.5,-270,88-73,15,8.5,161,14.5
2/27/2025,Vermont,NJIT,Away,-9,131.5,-449,71-61,10,1,132,0.5
2/27/2025,C Connecticut,Le Moyne,Home,-12.5,144.5,-900,84-75,9,-3.5,159,14.5
2/27/2025,Mercyhurst,Chicago St,Home,-6,138,-265,90-68,22,16,158,20
2/27/2025,LIU,Wagner,Home,-6.5,116.5,-250,60-47,13,6.5,107,-9.5
2/27/2025,Florida Atlantic,N Texas,Home,-1.5,135,-130,61-71,-10,-11.5,132,-3
2/26/2025,SMU,California,Away,-3.5,152.5,-180,81-77,4,0.5,158,5.5
2/26/2025,Ohio St,USC,Away,-1.5,150.5,-126,87-82,5,3.5,169,18.5
2/26/2025,Boise St,Utah St,Home,-4.5,148,-190,82-65,17,12.5,147,-1
2/26/2025,BYU,Arizona St,Away,-7.5,148.5,-350,91-81,10,2.5,172,23.5
2/26/2025,Arkansas,Texas,Home,-2,147.5,-148,86-81,5,3,167,19.5
2/26/2025,Kentucky,Oklahoma,Away,-3,164.5,-162,83-82,1,-2,165,0.5
2/26/2025,Bradley,Valparaiso,Away,-4.5,150,-214,76-65,11,6.5,141,-9
2/26/2025,Creighton,DePaul,Home,-15.5,146.5,-1800,75-65,10,-5.5,140,-6.5
2/26/2025,St John's,Butler,Away,-6,152,-278,76-70,6,0,146,-6
2/26/2025,Stanford,Boston College,Home,-11,142,-700,78-60,18,7,138,-4
2/26/2025,Wake Forest,Virginia,Home,-7,131.5,-325,75-83,-8,-15,158,26.5
2/26/2025,Arizona,Utah,Home,-14.5,155,-1600,83-66,17,2.5,149,-6
2/26/2025,Villanova,Seton Hall,Away,-8,129.5,-375,59-54,5,-3,113,-16.5
2/26/2025,Indiana,Penn St,Home,-5.5,149.5,-278,83-78,5,-0.5,161,11.5
2/26/2025,Arkansas St,Louisiana,Away,-12,148,-762,83-64,19,7,147,-1
2/26/2025,Lipscomb,C Arkansas,Home,-19.5,144.5,-4500,78-60,18,-1.5,138,-6.5
2/26/2025,Loyola Chi,G Washington,Home,-4.5,139,-205,77-57,20,15.5,134,-5
2/26/2025,Tulane,Charlotte,Home,-7.5,140.5,-338,78-64,14,6.5,142,1.5
2/26/2025,Auburn,Mississippi,Home,-13,153.5,-950,106-76,30,17,182,28.5
2/26/2025,Texas A&M,Vanderbilt,Home,-8,145,-395,84-86,-2,-10,170,25
2/26/2025,FGCU,Bellarmine,Home,-12.5,144.5,-968,80-61,19,6.5,141,-3.5
2/26/2025,Jacksonville,Stetson,Home,-14,142.5,-1200,79-72,7,-7,151,8.5
2/26/2025,Georgia St,Coastal Car,Away,-3.5,144.5,-164,74-80,-6,-9.5,154,9.5
2/26/2025,Furman,The Citadel,Home,-15.5,139.5,-1600,85-42,43,27.5,127,-12.5
2/26/2025,N Alabama,Queens,Home,-7,153.5,-325,74-69,5,-2,143,-10.5
2/26/2025,N Florida,E Kentucky,Home,-1.5,164.5,-125,81-86,-5,-6.5,167,2.5
2/26/2025,Wofford,W Carolina,Away,-8.5,148.5,-425,90-67,23,14.5,157,8.5
2/26/2025,Colgate,Holy Cross,Home,-10,145.5,-600,81-73,8,-2,154,8.5
2/26/2025,N Iowa,Illinois Chicago,Home,-7.5,147.5,-345,74-52,22,14.5,126,-21.5
2/26/2025,Bucknell,Loyola MD,Away,-2,140,-140,70-67,3,1,137,-3
2/26/2025,S Florida,Temple,Away,-2,151.5,-145,71-73,-2,-4,144,-7.5
2/26/2025,UCF,Kansas St,Home,-4.5,155.5,-205,80-76,4,-0.5,156,0.5
2/26/2025,George Mason,Fordham,Home,-11.5,137.5,-850,74-64,10,-1.5,138,0.5
2/26/2025,Saint Joseph's,St Bonaventure,Home,-6.5,137.5,-275,75-64,11,4.5,139,1.5
2/26/2025,Clemson,Notre Dame,Home,-14.5,136.5,-1450,83-68,15,0.5,151,14.5
2/26/2025,Radford,Gardner-Webb,Away,-2,146.5,-127,63-56,7,5,119,-27.5
2/26/2025,High Point,SC Upstate,Home,-19.5,163.5,-4000,88-66,22,2.5,154,-9.5
2/26/2025,UConn,Georgetown,Home,-14.5,143.5,-1350,93-79,14,-0.5,172,28.5
2/26/2025,Maryland,Michigan St,Home,-4.5,150,-195,55-58,-3,-7.5,113,-37
2/26/2025,NC Asheville,Presbyterian,Home,-7,150,-319,59-64,-5,-12,123,-27
2/26/2025,Duquesne,La Salle,Away,-2.5,140.5,-140,67-62,5,2.5,129,-11.5
2/26/2025,American,Navy,Home,-4,132.5,-188,60-68,-8,-12,128,-4.5
2/26/2025,Lehigh,Boston U,Home,-2.5,130.5,-132,68-79,-11,-13.5,147,16.5
2/26/2025,Drake,Evansville,Away,-8.5,125.5,-425,65-61,4,-4.5,126,0.5
2/26/2025,E Tennessee St,Mercer,Home,-8.5,145,-410,59-58,1,-7.5,117,-28
2/26/2025,N Dakota St,South Dakota,Home,-6.5,170.5,-310,82-78,4,-2.5,160,-10.5
2/26/2025,S Alabama,Southern Miss,Away,-7,138.5,-303,88-82,6,-1,170,31.5
2/26/2025,Austin Peay,W Georgia,Away,-4.5,145.5,-190,70-73,-3,-7.5,143,-2.5
2/26/2025,Dayton,Rhode Island,Away,-4.5,149.5,-192,85-77,8,3.5,162,12.5
2/26/2025,Memphis,Rice,Home,-12.5,148.5,-1050,84-72,12,-0.5,156,7.5
2/25/2025,San Diego St,New Mexico,Home,-2.5,144,-142,73-65,8,5.5,138,-6
2/25/2025,Missouri,South Carolina,Home,-12.5,146.5,-1000,101-71,30,17.5,172,25.5
2/25/2025,Alabama,Mississippi St,Home,-8.5,174.5,-411,111-73,38,29.5,184,9.5
2/25/2025,Tennessee,LSU,Away,-10.5,140.5,-600,65-59,6,-4.5,124,-16.5
2/25/2025,Louisville,Virginia Tech,Away,-10,147,-600,71-66,5,-5,137,-10
2/25/2025,West Virginia,TCU,Home,-7,130,-325,73-55,18,11,128,-2
2/25/2025,Illinois,Iowa,Home,-11.5,170,-705,81-61,20,8.5,142,-28
2/25/2025,Wisconsin,Washington,Home,-13.5,148,-1200,88-62,26,12.5,150,2
2/25/2025,Murray St,Indiana St,Home,-5.5,149.5,-240,85-75,10,4.5,160,10.5
2/25/2025,Illinois St,S Illinois,Away,-1.5,145.5,-125,79-88,-9,-10.5,167,21.5
2/25/2025,Iowa St,Oklahoma St,Away,-11,148.5,-650,68-74,-6,-17,142,-6.5
2/25/2025,J Madison,UL Monroe,Away,-13,138.5,-994,85-79,6,-7,164,25.5
2/25/2025,Marquette,Providence,Home,-13,146.5,-1000,82-52,30,17,134,-12.5
2/25/2025,Florida,Georgia,Away,-6.5,149,-290,83-88,-5,-11.5,171,22
2/25/2025,Marshall,Old Dominion,Home,-9.5,148,-500,83-66,17,7.5,149,1
2/25/2025,Lafayette,Army,Home,-4,138.5,-185,81-65,16,12,146,7.5
2/25/2025,Duke,Miami,Away,-24.5,152.5,-6500,97-60,37,12.5,157,4.5
2/25/2025,Pittsburgh,Georgia Tech,Home,-8.5,140.5,-410,67-73,-6,-14.5,140,-0.5
2/25/2025,Davidson,Saint Louis,Home,-1.5,147.5,-125,56-57,-1,-2.5,113,-34.5
2/25/2025,VCU,Richmond,Away,-15,135,-1600,78-60,18,3,138,3
2/25/2025,Cincinnati,Baylor,Home,-2,136.5,-133,69-67,2,0,136,-0.5
2/25/2025,Minnesota,Northwestern,Home,-2,131,-130,63-75,-12,-14,138,7
2/25/2025,Akron,Ball St,Away,-7,157.5,-315,87-82,5,-2,169,11.5
2/25/2025,C Michigan,Buffalo,Home,-13.5,153.5,-1200,73-69,4,-9.5,142,-11.5
2/25/2025,E Michigan,Bowling Green,Home,-4,148.5,-189,60-65,-5,-9,125,-23.5
2/25/2025,Miami OH,N Illinois,Home,-13,151,-1100,87-58,29,16,145,-6
2/25/2025,Troy,Texas St,Away,-2,142,-127,74-69,5,3,143,1
2/25/2025,Kent St,Toledo,Home,-7,150,-299,105-65,40,33,170,20
2/25/2025,Ohio,W Michigan,Away,-6.5,156.5,-285,73-82,-9,-15.5,155,-1.5
2/25/2025,Nevada,Wyoming,Home,-13,134.5,-1000,84-61,23,10,145,10.5
2/25/2025,Colorado St,Air Force,Away,-12.5,137.5,-850,77-55,22,9.5,132,-5.5
2/25/2025,UNLV,San Jose St,Away,-2.5,137.5,-145,77-71,6,3.5,148,10.5
2/24/2025,Kansas,Colorado,Away,-6.5,145,-310,71-64,7,0.5,135,-10
2/24/2025,Houston,Texas Tech,Away,-4.5,131,-212,69-61,8,3.5,130,-1
2/24/2025,Prairie View,Miss Valley St,Home,-17.5,140,-2100,64-56,8,-9.5,120,-20
2/24/2025,Howard,Coppin St,Away,-7.5,150.5,-363,61-72,-11,-18.5,133,-17.5
2/24/2025,S Carolina St,Maryland ES,Away,-13,142.5,-1000,81-68,13,0,149,6.5
2/24/2025,N Alabama,C Arkansas,Away,-11,144.5,-759,93-70,23,12,163,18.5
2/24/2025,Delaware St,NC Central,Home,-3.5,156,-162,86-84,2,-1.5,170,14
2/24/2025,Norfolk St,Morgan St,Home,-13.5,158.5,-1000,69-60,9,-4.5,129,-29.5
2/24/2025,McNeese,UT Rio Grande,Home,-14.5,148,-1600,100-65,35,20.5,165,17
2/24/2025,SE Louisiana,NW State,Home,-7,137,-328,69-72,-3,-10,141,4
2/24/2025,Jacksonville,E Kentucky,Home,-2.5,147.5,-155,59-55,4,1.5,114,-33.5
2/24/2025,FGCU,N Florida,Home,-7.5,160,-359,86-82,4,-3.5,168,8
2/24/2025,Queens,W Georgia,Away,-8.5,152.5,-383,72-57,15,6.5,129,-23.5
2/24/2025,North Carolina,Florida St,Away,-3.5,156,-179,96-85,11,7.5,181,25
2/24/2025,Incarnate Word,Lamar,Home,-1.5,135,-133,73-61,12,10.5,134,-1
2/24/2025,Lipscomb,Austin Peay,Away,-7,145.5,-325,95-78,17,10,173,27.5
2/24/2025,Alabama St,Bethune,Home,-3.5,145.5,-191,68-70,-2,-5.5,138,-7.5
2/24/2025,Nicholls,Texas A&M-CC,Home,-4.5,146,-182,71-69,2,-2.5,140,-6
2/24/2025,Texas So,AR-Pine Bluff,Home,-13,153.5,-1050,81-56,25,12,137,-16.5
2/23/2025,Rutgers,USC,Home,-3.5,152,-179,95-85,10,6.5,180,28
2/23/2025,Creighton,Georgetown,Home,-12.5,145.5,-940,80-69,11,-1.5,149,3.5
2/23/2025,Kansas St,Arizona St,Home,-6,146.5,-278,54-66,-12,-18,120,-26.5
2/23/2025,UCF,Utah,Home,-3.5,160.5,-167,76-72,4,0.5,148,-12.5
2/23/2025,UCLA,Ohio St,Home,-7.5,138.5,-315,69-61,8,0.5,130,-8.5
2/23/2025,Oakland,Cleveland St,Home,-3,138,-150,91-86,5,2,177,39
2/23/2025,Xavier,Seton Hall,Away,-9.5,138,-459,73-66,7,-2.5,139,1
2/23/2025,Marist,Niagara,Home,-7,129,-315,64-61,3,-4,125,-4
2/23/2025,Mt St Mary's,Rider,Home,-7,140,-283,79-72,7,0,151,11
2/23/2025,Siena,Canisius,Home,-11.5,140.5,-800,88-93,-5,-16.5,181,40.5
2/23/2025,Saint Peter's,Sacred Heart,Home,-1.5,141,-127,85-79,6,4.5,164,23
2/23/2025,E Carolina,UTSA,Home,-8,152,-380,96-89,7,-1,185,33
2/23/2025,UAB,Temple,Home,-10,159,-550,80-64,16,6,144,-15
2/23/2025,Purdue,Indiana,Away,-4,148.5,-188,58-73,-15,-19,131,-17.5
2/23/2025,Youngstown St,Green Bay,Home,-13.5,149,-1300,81-77,4,-9.5,158,9
2/23/2025,N Kentucky,IU Indy,Home,-8.5,145.5,-425,71-67,4,-4.5,138,-7.5
2/23/2025,St John's,UConn,Home,-3.5,141,-192,89-75,14,10.5,164,23
2/23/2025,Quinnipiac,Manhattan,Away,-4.5,155.5,-205,74-71,3,-1.5,145,-10.5
2/23/2025,Bucknell,Army,Home,-7,142,-310,84-53,31,24,137,-5
2/23/2025,N Texas,S Florida,Away,-4.5,130.5,-215,64-57,7,2.5,121,-9.5
2/23/2025,Wichita St,Tulane,Home,-4.5,143.5,-190,78-67,11,6.5,145,1.5
2/23/2025,Memphis,Florida Atlantic,Home,-8.5,161.5,-395,84-65,19,10.5,149,-12.5
2/22/2025,UCSD,Hawai'i,Home,-15.5,138.5,-1400,83-44,39,23.5,127,-11.5
2/22/2025,Stanford,California,Home,-6.5,147.5,-298,66-61,5,-1.5,127,-20.5
2/22/2025,Colorado St,UNLV,Away,-2,138,-135,61-53,8,6,114,-24
2/22/2025,UC Irvine,CS Bakersfield,Away,-6.5,140.5,-298,73-64,9,2.5,137,-3.5
2/22/2025,SIU Edward,S Indiana,Away,-4.5,140.5,-203,68-82,-14,-18.5,150,9.5
2/22/2025,Texas,South Carolina,Away,-2.5,140.5,-142,69-84,-15,-17.5,153,12.5
2/22/2025,Butler,DePaul,Away,-4.5,147.5,-186,84-72,12,7.5,156,8.5
2/22/2025,Duke,Illinois,Neutral,-8.5,156.5,-462,110-67,43,34.5,177,20.5
2/22/2025,Idaho St,Sacramento St,Home,-10.5,137,-625,83-66,17,6.5,149,12
2/22/2025,Princeton,Dartmouth,Home,-7.5,146,-335,61-76,-15,-22.5,137,-9
2/22/2025,UCSB,Long Beach St,Away,-7,138,-325,58-56,2,-5,114,-24
2/22/2025,Abl Christian,Utah Tech,Home,-7,145.5,-305,80-71,9,2,151,5.5
2/22/2025,Yale,Columbia,Home,-16,159,-2200,90-64,26,10,154,-5
2/22/2025,Alabama,Kentucky,Home,-12,181,-660,96-83,13,1,179,-2
2/22/2025,Florida,LSU,Away,-10,154.5,-510,79-65,14,4,144,-10.5
2/22/2025,Miami,Virginia Tech,Home,-2,145.5,-133,68-81,-13,-15,149,3.5
2/22/2025,G Washington,UMass,Home,-6.5,145.5,-300,74-52,22,15.5,126,-19.5
2/22/2025,Penn,Harvard,Home,-2.5,143,-148,78-79,-1,-3.5,157,14
2/22/2025,Prairie View,AR-Pine Bluff,Home,-5.5,160,-244,64-75,-11,-16.5,139,-21
2/22/2025,McNeese,Texas A&M-CC,Home,-11.5,140,-850,73-57,16,4.5,130,-10
2/22/2025,Jacksonville St,UTEP,Home,-3.5,138.5,-177,73-65,8,4.5,138,-0.5
2/22/2025,Kennesaw St,New Mexico St,Home,-4.5,145,-205,49-60,-11,-15.5,109,-36
2/22/2025,Bethune,Alabama A&M,Away,-1.5,150.5,-127,68-64,4,2.5,132,-18.5
2/22/2025,Lafayette,Lehigh,Home,-2,133.5,-142,78-70,8,6,148,14.5
2/22/2025,SE Missouri St,Lindenwood,Home,-9.5,145.5,-496,74-58,16,6.5,132,-13.5
2/22/2025,Radford,Presbyterian,Home,-6.5,134.5,-285,73-80,-7,-13.5,153,18.5
2/22/2025,SE Louisiana,E Texas A&M,Home,-9,141,-550,83-65,18,9,148,7
2/22/2025,Vermont,UMass Lowell,Home,-4.5,138.5,-190,85-61,24,19.5,146,7.5
2/22/2025,Norfolk St,Coppin St,Away,-13,141.5,-1350,79-63,16,3,142,0.5
2/22/2025,Auburn,Georgia,Home,-15,145.5,-1600,82-70,12,-3,152,6.5
2/22/2025,Tenn Tech,Tennessee St,Home,-1.5,150.5,-126,77-74,3,1.5,151,0.5
2/22/2025,Little Rock,W Illinois,Home,-10.5,136.5,-600,75-61,14,3.5,136,-0.5
2/22/2025,Baylor,Colorado,Away,-6,142,-255,74-76,-2,-8,150,8
2/22/2025,Kansas,Oklahoma St,Home,-14.5,150.5,-1400,96-64,32,17.5,160,9.5
2/22/2025,VCU,George Mason,Home,-11,130,-674,70-54,16,5,124,-6
2/22/2025,St Bonaventure,Duquesne,Home,-5.5,130,-255,70-63,7,1.5,133,3
2/22/2025,North Carolina,Virginia,Home,-9.5,139.5,-535,81-66,15,5.5,147,7.5
2/22/2025,S Carolina St,Delaware St,Away,-4.5,154,-190,94-88,6,1.5,182,28
2/26/2025,NC Central,Maryland ES,Away,-6,145,-338,59-68,-9,-15,127,-18
2/22/2025,Iowa,Washington,Home,-6.5,157,-276,85-79,6,-0.5,164,7
2/22/2025,Wyoming,San Jose St,Home,-5,135.5,-221,73-82,-9,-14,155,19.5
2/22/2025,Morehead St,E Illinois,Home,-5.5,129,-225,62-67,-5,-10.5,129,0
2/22/2025,Vanderbilt,Mississippi,Home,-1,152.5,-125,77-72,5,4,149,-3.5
2/22/2025,Arkansas St,UL Monroe,Home,-22.5,147.5,-5000,95-70,25,2.5,165,17.5
2/22/2025,Samford,W Carolina,Home,-16.5,158.5,-2000,93-72,21,4.5,165,6.5
2/22/2025,Middle Tenn,Sam Houston,Home,-5,150,-202,74-70,4,-1,144,-6
2/22/2025,Illinois Chicago,Evansville,Home,-7.5,145,-340,82-77,5,-2.5,159,14
2/22/2025,Saint Louis,Rhode Island,Home,-6.5,153,-300,81-66,15,8.5,147,-6
2/22/2025,Pittsburgh,Notre Dame,Away,-3,138,-162,72-76,-4,-7,148,10
2/22/2025,Liberty,Florida Intl,Home,-13,138.5,-1000,58-45,13,0,103,-35.5
2/22/2025,Chattanooga,The Citadel,Home,-17.5,143.5,-3800,76-75,1,-16.5,151,7.5
2/22/2025,N Dakota St,North Dakota,Away,-3.5,158,-169,77-79,-2,-5.5,156,-2
2/22/2025,Wofford,E Tennessee St,Home,-3.5,135.5,-175,68-73,-5,-8.5,141,5.5
2/22/2025,Towson,Campbell,Away,-2.5,132,-147,76-67,9,6.5,143,11
2/22/2025,NC Wilmington,Hampton,Away,-6,140.5,-250,70-83,-13,-19,153,12.5
2/22/2025,Charleston So,SC Upstate,Home,-6.5,158.5,-285,69-79,-10,-16.5,148,-10.5
2/22/2025,High Point,Gardner-Webb,Away,-8,161,-395,90-67,23,15,157,-4
2/22/2025,NC Asheville,Longwood,Home,-3.5,158.5,-165,87-82,5,1.5,169,10.5
2/22/2025,Maine,Binghamton,Away,-3.5,137,-170,69-71,-2,-5.5,140,3
2/23/2025,Navy,Holy Cross,Home,-6.5,136.5,-298,83-77,6,-0.5,160,23.5
2/22/2025,Minnesota,Penn St,Home,-2.5,141.5,-152,60-69,-9,-11.5,129,-12.5
2/22/2025,Davidson,Fordham,Away,-2.5,148.5,-142,80-69,11,8.5,149,0.5
2/22/2025,Houston,Iowa St,Home,-11,129.5,-753,68-59,9,-2,127,-2.5
2/22/2025,Wake Forest,NC State,Away,-4,138,-180,73-85,-12,-16,158,20
2/22/2025,Georgia Tech,Boston College,Away,-2,141.5,-125,54-69,-15,-17,123,-18.5
2/22/2025,Mississippi St,Oklahoma,Away,-4,149,-192,87-93,-6,-10,180,31
2/22/2025,Texas Tech,West Virginia,Home,-9.5,134.5,-575,73-51,22,12.5,124,-10.5
2/22/2025,Saint Joseph's,Richmond,Home,-13.5,135.5,-1200,78-62,16,2.5,140,4.5
2/22/2025,Akron,Ohio,Away,-1.5,166,-130,67-84,-17,-18.5,151,-15
2/21/2025,Toledo,Bowling Green,Home,-7.5,154.5,-355,68-69,-1,-8.5,137,-17.5
2/22/2025,Ball St,Buffalo,Home,-9,151.5,-475,80-66,14,5,146,-5.5
2/22/2025,C Michigan,W Michigan,Away,-2,149.5,-138,86-57,29,27,143,-6.5
2/22/2025,E Michigan,N Illinois,Away,-5,144.5,-225,79-76,3,-2,155,10.5
2/22/2025,Southern Miss,Louisiana,Home,-4.5,148.5,-185,60-62,-2,-6.5,122,-26.5
2/22/2025,Old Dominion,Georgia St,Home,-2.5,152.5,-142,70-76,-6,-8.5,146,-6.5
2/22/2025,Texas St,S Alabama,Home,-2,133.5,-135,93-92,1,-1,185,51.5
2/22/2025,Troy,Coastal Car,Home,-15.5,134.5,-1600,83-66,17,1.5,149,14.5
2/22/2025,J Madison,Georgia So,Home,-9,146.5,-442,78-73,5,-4,151,4.5
2/22/2025,Elon,William & Mary,Home,-3.5,152.5,-162,70-79,-9,-12.5,149,-3.5
2/22/2025,CS Northridge,UC Davis,Away,-4,146,-185,65-62,3,-1,127,-19
2/24/2025,Northeastern,Monmouth,Away,-1.5,144,-130,73-78,-5,-6.5,151,7
2/22/2025,NC A&T,Stony Brook,Home,-3,134.5,-150,73-72,1,-2,145,10.5
2/22/2025,Delaware,Hofstra,Home,-2,142.5,-131,65-78,-13,-15,143,0.5
2/22/2025,Furman,VMI,Home,-12.5,145.5,-875,75-71,4,-8.5,146,0.5
2/22/2025,NC Greensboro,Mercer,Away,-3.5,144.5,-160,78-61,17,13.5,139,-5.5
2/23/2025,S Dakota St,Kansas City,Home,-10,146.5,-540,70-65,5,-5,135,-11.5
2/22/2025,Omaha,South Dakota,Home,-4.5,172.5,-204,93-85,8,3.5,178,5.5
2/22/2025,St Thomas,Oral Roberts,Away,-8.5,155.5,-410,66-71,-5,-13.5,137,-18.5
2/22/2025,Utah Valley,Seattle,Home,-5.5,140.5,-247,61-55,6,0.5,116,-24.5
2/22/2025,Grand Canyon,Cal Baptist,Home,-12,147.5,-803,66-64,2,-10,130,-17.5
2/22/2025,Pacific,Portland,Home,-2.5,148,-148,73-81,-8,-10.5,154,6
2/22/2025,UT Arlington,Tarleton St,Home,-7,135,-316,67-57,10,3,124,-11
2/22/2025,Gonzaga,Saint Mary's,Home,-7,142.5,-305,67-74,-7,-14,141,-1.5
2/22/2025,Oregon St,San Diego,Away,-11.5,145.5,-850,83-73,10,-1.5,156,10.5
2/22/2025,Loyola Mymt,Pepperdine,Home,-6,148,-265,93-82,11,5,175,27
2/22/2025,Texas A&M,Tennessee,Home,-2,131,-130,69-77,-8,-10,146,15
2/22/2025,Lamar,Hou Christian,Away,-1.5,134.5,-130,66-58,8,6.5,124,-10.5
2/22/2025,N Arizona,E Washington,Home,-3.5,146,-180,87-67,20,16.5,154,8
2/22/2025,NW State,New Orleans,Away,-6,141,-275,73-66,7,1,139,-2
2/22/2025,N Colorado,Idaho,Home,-9.5,156.5,-470,92-74,18,8.5,166,9.5
2/22/2025,Portland St,Weber St,Away,-3.5,142.5,-166,58-60,-2,-5.5,118,-24.5
2/22/2025,American,Boston U,Home,-4,127.5,-180,48-44,4,0,92,-35.5
2/22/2025,Wisconsin,Oregon,Home,-8.5,153,-395,73-77,-4,-12.5,150,-3
2/22/2025,Albany,New Hampshire,Home,-13,145.5,-850,60-71,-11,-24,131,-14.5
2/22/2025,UMBC,NJIT,Home,-7.5,151.5,-380,95-91,4,-3.5,186,34.5
2/22/2025,Montana St,Montana,Home,-2,145,-129,85-89,-4,-6,174,29
2/22/2025,C Connecticut,Stonehill,Home,-8,136,-400,67-41,26,18,108,-28
2/22/2025,Wagner,Chicago St,Away,-3,125.5,-175,64-52,12,9,116,-9.5
2/22/2025,Nicholls,UT Rio Grande,Home,-5.5,152.5,-240,93-84,9,3.5,177,24.5
2/22/2025,Jackson St,Alcorn St,Home,-6.5,142.5,-265,71-63,8,1.5,134,-8.5
2/22/2025,App State,Marshall,Home,-4,137.5,-185,59-69,-10,-14,128,-9.5
2/22/2025,Utah St,San Diego St,Home,-5.5,143,-245,79-71,8,2.5,150,7
2/22/2025,Air Force,Fresno St,Home,-3.5,142,-183,72-69,3,-0.5,141,-1
2/22/2025,Southern,Grambling,Away,-3.5,131.5,-166,71-64,7,3.5,135,3.5
2/22/2025,Texas So,Miss Valley St,Home,-23.5,136,-20000,79-38,41,17.5,117,-19
2/22/2025,Alabama St,Florida A&M,Home,-7,145.5,-305,60-59,1,-6,119,-26.5
2/23/2025,Colgate,Loyola MD,Away,-3.5,145.5,-178,65-84,-19,-22.5,149,3.5
2/22/2025,Illinois St,Missouri St,Away,-3,135.5,-153,70-68,2,-1,138,2.5
2/22/2025,Belmont,Indiana St,Home,-5,168.5,-215,77-75,2,-3,152,-16.5
2/22/2025,Bradley,Murray St,Home,-7,138.5,-305,85-83,2,-5,168,29.5
2/22/2025,S Illinois,Valparaiso,Home,-6,147.5,-260,79-83,-4,-10,162,14.5
2/22/2025,Louisville,Florida St,Home,-13.5,154.5,-1150,89-81,8,-5.5,170,15.5
2/22/2025,Rice,Tulsa,Home,-6,142.5,-256,71-50,21,15,121,-21.5
2/22/2025,Arizona,BYU,Home,-7,153.5,-300,95-96,-1,-8,191,37.5
2/22/2025,Cincinnati,TCU,Home,-7,132,-325,75-63,12,5,138,6
2/21/2025,Michigan,Michigan St,Home,-3,150.5,-158,62-75,-13,-16,137,-13.5
2/21/2025,Brown,Columbia,Home,-5,151.5,-215,86-61,25,20,147,-4.5
2/21/2025,Princeton,Harvard,Home,-8,138,-382,76-71,5,-3,147,9
2/21/2025,Yale,Cornell,Home,-11.5,160.5,-643,92-88,4,-7.5,180,19.5
2/21/2025,Marquette,Villanova,Away,-2,141.5,-133,66-81,-15,-17,147,5.5
2/21/2025,Merrimack,Sacred Heart,Home,-5.5,145.5,-225,59-60,-1,-6.5,119,-26.5
2/21/2025,Rider,Fairfield,Home,-3.5,139.5,-168,49-69,-20,-23.5,118,-21.5
2/21/2025,Marist,Canisius,Home,-11.5,131.5,-955,89-81,8,-3.5,170,38.5
2/21/2025,Mt St Mary's,Saint Peter's,Home,-4,131.5,-186,69-58,11,7,127,-4.5
2/21/2025,Siena,Niagara,Home,-6.5,136.5,-310,94-60,34,27.5,154,17.5
2/21/2025,Purdue FW,Oakland,Home,-4,154.5,-183,80-66,14,10,146,-8.5
2/21/2025,Cleveland St,Detroit Mercy,Away,-8.5,139,-410,73-65,8,-0.5,138,-1
2/21/2025,Wright St,N Kentucky,Home,-3.5,147,-178,76-80,-4,-7.5,156,9
2/21/2025,Robert Morris,Green Bay,Home,-13.5,147,-1250,94-85,9,-4.5,179,32
2/21/2025,Youngstown St,Milwaukee,Home,-1.5,152.5,-125,74-84,-10,-11.5,158,5.5
2/21/2025,Penn,Dartmouth,Home,-2,148.5,-130,88-75,13,11,163,14.5
2/21/2025,Iona,Manhattan,Home,-3.5,146,-175,65-60,5,1.5,125,-21
2/20/2025,Santa Clara,Loyola Mymt,Home,-10.5,148.5,-650,76-61,15,4.5,137,-11.5
2/20/2025,UCSD,Cal Poly,Away,-12.5,160.5,-952,81-67,14,1.5,148,-12.5
2/20/2025,UCSB,CS Fullerton,Home,-14.5,144.5,-1600,86-56,30,15.5,142,-2.5
2/20/2025,W Kentucky,Sam Houston,Home,-4,154,-185,62-78,-16,-20,140,-14
2/20/2025,Middle Tenn,Louisiana Tech,Home,-6,141,-265,74-85,-11,-17,159,18
2/20/2025,Utah Valley,Utah Tech,Away,-7,146.5,-323,79-77,2,-5,156,9.5
2/20/2025,Idaho St,Portland St,Home,-2,140.5,-135,82-74,8,6,156,15.5
2/20/2025,Florida Atlantic,Wichita St,Home,-7.5,156.5,-330,68-75,-7,-14.5,143,-13.5
2/20/2025,S Indiana,E Illinois,Home,-2.5,136.5,-152,54-63,-9,-11.5,117,-19.5
2/20/2025,Tenn Tech,UT Martin,Home,-2,145,-135,71-66,5,3,137,-8
2/20/2025,SE Missouri St,W Illinois,Home,-11,138,-697,87-66,21,10,153,15
2/20/2025,Maryland,USC,Home,-11.5,155,-691,88-71,17,5.5,159,4
2/20/2025,Lipscomb,N Alabama,Home,-7,149,-425,75-63,12,5,138,-11
2/20/2025,Abl Christian,S Utah,Home,-7,142.5,-310,75-59,16,9,134,-8.5
2/20/2025,Little Rock,Lindenwood,Home,-9,136.5,-475,92-93,-1,-10,185,48.5
2/20/2025,W Georgia,C Arkansas,Home,-4,142,-180,71-82,-11,-15,153,11
2/20/2025,SIU Edward,Morehead St,Away,-1.5,132.5,-130,80-62,18,16.5,142,9.5
2/20/2025,Queens,Austin Peay,Home,-6.5,148.5,-298,78-92,-14,-20.5,170,21.5
2/20/2025,Marshall,Old Dominion,Away,-4,146.5,-187,81-77,4,0,158,11.5
2/20/2025,Jacksonville St,New Mexico St,Home,-6.5,135.5,-293,52-61,-9,-15.5,113,-22.5
2/20/2025,Kennesaw St,UTEP,Home,-4,148,-198,83-73,10,6,156,8
2/20/2025,FGCU,Stetson,Away,-11,144,-700,83-80,3,-8,163,19
2/24/2025,Hampton,Stony Brook,Home,-8.5,138.5,-420,81-49,32,23.5,130,-8.5
2/24/2025,NC Wilmington,William & Mary,Away,-3,156.5,-160,79-70,9,6,149,-7.5
2/20/2025,Le Moyne,St Francis PA,Home,-3.5,151,-170,76-81,-5,-8.5,157,6
2/20/2025,Ohio St,Northwestern,Home,-9.5,143.5,-518,49-70,-21,-30.5,119,-24.5
2/20/2025,App State,Georgia So,Home,-8.5,139,-410,79-74,5,-3.5,153,14
2/20/2025,E Kentucky,Bellarmine,Away,-8,152.5,-380,74-80,-6,-14,154,1.5
2/20/2025,Binghamton,New Hampshire,Home,-8.5,139.5,-455,79-60,19,10.5,139,-0.5
2/20/2025,UMass Lowell,UMBC,Home,-6,163.5,-278,98-79,19,13,177,13.5
2/20/2025,Campbell,NC A&T,Away,-5.5,136.5,-238,50-53,-3,-8.5,103,-33.5
2/20/2025,Delaware,Drexel,Home,-2.5,142,-148,74-78,-4,-6.5,152,10
2/20/2025,Towson,Elon,Away,-1.5,133.5,-125,63-69,-6,-7.5,132,-1.5
2/20/2025,Hofstra,Monmouth,Home,-7,135,-316,62-68,-6,-13,130,-5
2/20/2025,Oregon St,Pepperdine,Away,-7.5,146.5,-340,84-78,6,-1.5,162,15.5
2/20/2025,San Francisco,Pacific,Home,-15.5,140.5,-1650,71-58,13,-2.5,129,-11.5
2/20/2025,UC Riverside,Long Beach St,Home,-10.5,141.5,-675,87-66,21,10.5,153,11.5
2/20/2025,UC Davis,CS Bakersfield,Home,-4,137,-186,66-71,-5,-9,137,0
2/20/2025,UC Irvine,CS Northridge,Home,-6.5,150.5,-310,72-84,-12,-18.5,156,5.5
2/20/2025,Troy,Louisiana,Home,-15,138,-1600,69-72,-3,-18,141,3
2/20/2025,J Madison,Georgia St,Home,-11,148.5,-672,83-63,20,9,146,-2.5
2/20/2025,Southern Miss,Coastal Car,Home,-6,138.5,-260,78-87,-9,-15,165,26.5
2/20/2025,N Colorado,E Washington,Home,-8.5,152.5,-450,95-76,19,10.5,171,18.5
2/20/2025,N Arizona,Idaho,Home,-2.5,147,-150,78-83,-5,-7.5,161,14
2/20/2025,Weber St,Sacramento St,Home,-7,135.5,-298,77-80,-3,-10,157,21.5
2/20/2025,F Dickinson,Mercyhurst,Away,-3,140.5,-152,60-65,-5,-8,125,-15.5
2/20/2025,Wagner,Stonehill,Home,-2,125.5,-152,63-57,6,4,120,-5.5
2/20/2025,Maine,Albany,Away,-1.5,138.5,-130,68-79,-11,-12.5,147,8.5
2/20/2025,C Connecticut,Chicago St,Away,-11.5,137,-810,81-75,6,-5.5,156,19
2/19/2025,Washington,Rutgers,Home,-2.5,147.5,-147,85-89,-4,-6.5,174,26.5
2/19/2025,Boise St,New Mexico,Home,-4.5,152.5,-205,86-78,8,3.5,164,11.5
2/19/2025,St John's,DePaul,Away,-11.5,143.5,-800,82-58,24,12.5,140,-3.5
2/19/2025,Auburn,Arkansas,Home,-16,151.5,-1650,67-60,7,-9,127,-24.5
2/19/2025,Gonzaga,Washington St,Away,-11.5,166.5,-840,84-63,21,9.5,147,-19.5
2/19/2025,Florida St,Miami,Home,-8.5,155,-434,74-66,8,-0.5,140,-15
2/19/2025,Oklahoma St,UCF,Home,-2,158.5,-125,104-95,9,7,199,40.5
2/19/2025,Oregon,Iowa,Away,-2,159,-135,80-78,2,0,158,-1
2/19/2025,Arkansas St,S Alabama,Home,-8,143.5,-375,56-60,-4,-12,116,-27.5
2/19/2025,UTSA,S Florida,Home,-3,154.5,-168,73-78,-5,-8,151,-3.5
2/19/2025,UAB,Rice,Away,-4.5,153.5,-198,90-89,1,-3.5,179,25.5
2/19/2025,Samford,Furman,Home,-7,153,-300,72-80,-8,-15,152,-1
2/19/2025,Drake,Illinois Chicago,Home,-10,133.5,-575,74-57,17,7,131,-2.5
2/19/2025,Tulane,E Carolina,Home,-2.5,142.5,-145,86-81,5,2.5,167,24.5
2/19/2025,Kentucky,Vanderbilt,Home,-5,162.5,-230,82-61,21,16,143,-19.5
2/19/2025,Chattanooga,W Carolina,Home,-16.5,152.5,-2100,91-86,5,-11.5,177,24.5
2/19/2025,Temple,Charlotte,Away,-1.5,147,-128,72-78,-6,-7.5,150,3
2/19/2025,West Virginia,Cincinnati,Home,-3,129.5,-156,62-59,3,0,121,-8.5
2/19/2025,North Carolina,NC State,Home,-10.5,146,-618,97-73,24,13.5,170,24
2/19/2025,Notre Dame,SMU,Home,-1.5,144.5,-133,73-97,-24,-25.5,170,25.5
2/19/2025,Duquesne,Fordham,Home,-6.5,142,-290,73-64,9,2.5,137,-5
2/19/2025,Saint Joseph's,G Washington,Away,-2.5,141.5,-142,79-68,11,8.5,147,5.5
2/19/2025,High Point,Charleston So,Home,-16.5,152.5,-1650,83-60,23,6.5,143,-9.5
2/19/2025,Longwood,Gardner-Webb,Home,-3.5,157,-180,90-77,13,9.5,167,10
2/19/2025,Winthrop,Presbyterian,Away,-3,152.5,-153,81-77,4,1,158,5.5
2/20/2025,Radford,NC Asheville,Home,-3.5,146.5,-163,77-53,24,20.5,130,-16.5
2/19/2025,La Salle,Richmond,Home,-3.5,138.5,-180,58-63,-5,-8.5,121,-17.5
2/19/2025,Wofford,VMI,Away,-5.5,143.5,-250,82-43,39,33.5,125,-18.5
2/19/2025,VCU,UMass,Home,-16.5,148,-2100,80-51,29,12.5,131,-17
2/19/2025,Lafayette,Holy Cross,Away,-2.5,136,-155,69-74,-5,-7.5,143,7
2/19/2025,Army,American,Home,-1.5,137,-125,76-69,7,5.5,145,8
2/19/2025,Colgate,Navy,Home,-6.5,140.5,-300,79-75,4,-2.5,154,13.5
2/19/2025,Boston U,Loyola MD,Home,-4.5,131.5,-190,68-66,2,-2.5,134,2.5
2/19/2025,Indiana St,Evansville,Home,-7.5,149.5,-350,74-79,-5,-12.5,153,3.5
2/19/2025,E Tennessee St,NC Greensboro,Home,-2.5,132.5,-140,65-49,16,13.5,114,-18.5
2/19/2025,Mercer,The Citadel,Away,-7.5,149.5,-315,62-52,10,2.5,114,-35.5
2/19/2025,Kansas City,Omaha,Home,-2.5,145.5,-150,66-78,-12,-14.5,144,-1.5
2/19/2025,Denver,Oral Roberts,Home,-3,148.5,-155,71-60,11,8,131,-17.5
2/19/2025,S Dakota St,N Dakota St,Home,-6.5,157.5,-279,68-77,-9,-15.5,145,-12.5
2/19/2025,St Thomas,South Dakota,Away,-3.5,175.5,-165,80-85,-5,-8.5,165,-10.5
2/19/2025,Saint Mary's,Portland,Home,-23.5,139.5,-6500,79-66,13,-10.5,145,5.5
2/19/2025,Texas St,UL Monroe,Home,-12.5,141.5,-950,80-63,17,4.5,143,1.5
2/19/2025,N Texas,Tulsa,Home,-14,128.5,-1250,63-44,19,5,107,-21.5
2/19/2025,Valparaiso,Missouri St,Home,-2.5,139.5,-144,66-64,2,-0.5,130,-9.5
2/18/2025,UCLA,Minnesota,Home,-11.5,131.5,-775,61-64,-3,-14.5,125,-6.5
2/18/2025,LSU,South Carolina,Home,-2.5,139.5,-148,81-67,14,11.5,148,8.5
2/18/2025,Virginia Tech,Boston College,Away,-1.5,142,-125,36-54,-18,-19.5,90,-52
2/18/2025,Houston,Arizona St,Away,-12,134.5,-820,80-65,15,3,145,10.5
2/18/2025,BYU,Kansas,Home,-3,147.5,-150,91-57,34,31,148,0.5
2/18/2025,UT Martin,Tennessee St,Home,-2.5,152.5,-153,75-86,-11,-13.5,161,8.5
2/18/2025,Wyoming,Air Force,Home,-8.5,130.5,-430,69-62,7,-1.5,131,0.5
2/18/2025,Wisconsin,Illinois,Home,-4,162,-187,95-74,21,17,169,7
2/18/2025,Xavier,Butler,Home,-7,151.5,-325,76-63,13,6,139,-12.5
2/18/2025,Marquette,Seton Hall,Home,-18.5,136,-2500,80-56,24,5.5,136,0
2/18/2025,Iowa St,Colorado,Home,-18,142.5,-2400,79-65,14,-4,144,1.5
2/18/2025,Texas Tech,TCU,Away,-7,141.5,-328,66-69,-3,-10,135,-6.5
2/18/2025,Florida,Oklahoma,Home,-14.5,156.5,-1600,85-63,22,7.5,148,-8.5
2/18/2025,Queens,C Arkansas,Home,-13.5,142.5,-1350,89-72,17,3.5,161,18.5
2/18/2025,Mississippi St,Texas A&M,Home,-2.5,143,-144,70-54,16,13.5,124,-19
2/18/2025,Lipscomb,E Kentucky,Away,-4,154.5,-180,57-66,-9,-13,123,-31.5
2/18/2025,N Florida,Stetson,Away,-6.5,165,-278,79-71,8,1.5,150,-15
2/18/2025,N Alabama,W Georgia,Home,-16.5,149.5,-2100,80-62,18,1.5,142,-7.5
2/18/2025,Pittsburgh,Syracuse,Home,-11,145.5,-650,80-69,11,0,149,3.5
2/18/2025,Davidson,Loyola Chi,Home,-2,139.5,-135,69-77,-8,-10,146,6.5
2/18/2025,Michigan St,Purdue,Home,-3.5,148.5,-166,75-66,9,5.5,141,-7.5
2/18/2025,UConn,Villanova,Home,-8.5,137,-417,66-59,7,-1.5,125,-12
2/18/2025,FGCU,Jacksonville,Home,-3,141,-150,72-56,16,13,128,-13
2/18/2025,Austin Peay,Bellarmine,Away,-4.5,145,-208,68-94,-26,-30.5,162,17
2/18/2025,Toledo,Ball St,Home,-7.5,155.5,-352,67-66,1,-6.5,133,-22.5
2/18/2025,Ohio,C Michigan,Home,-5,153,-218,84-82,2,-3,166,13
2/18/2025,Akron,N Illinois,Home,-19.5,160,-2400,73-63,10,-9.5,136,-24
2/18/2025,Kent St,Bowling Green,Away,-6,142,-258,91-84,7,1,175,33
2/18/2025,Miami OH,E Michigan,Away,-4.5,152.5,-194,66-76,-10,-14.5,142,-10.5
2/18/2025,W Michigan,Buffalo,Away,-2,155.5,-139,97-64,33,31,161,5.5
2/18/2025,Colorado St,Nevada,Home,-3.5,138,-166,79-71,8,4.5,150,12
2/18/2025,San Diego St,Fresno St,Home,-18.5,142.5,-2400,83-60,23,4.5,143,0.5
2/19/2025,Utah St,San Jose St,Home,-17,149,-1800,105-57,48,31,162,13
2/17/2025,Utah,Kansas St,Home,-3,147,-155,74-69,5,2,143,-4
2/17/2025,Baylor,Arizona,Home,-2.5,154.5,-145,67-74,-7,-9.5,141,-13.5
2/17/2025,Southern,Texas So,Home,-7,143.5,-313,66-57,9,2,123,-20.5
2/17/2025,Grambling,Prairie View,Home,-8.5,140.5,-493,70-48,22,13.5,118,-22.5
2/17/2025,Texas A&M-CC,Hou Christian,Home,-10.5,139.5,-600,68-62,6,-4.5,130,-9.5
2/17/2025,Duke,Virginia,Away,-14.5,132.5,-1350,80-62,18,3.5,142,9.5
2/17/2025,UT Rio Grande,Incarnate Word,Home,-4.5,146.5,-198,60-66,-6,-10.5,126,-20.5
2/17/2025,SF Austin,E Texas A&M,Away,-5.5,133.5,-243,76-74,2,-3.5,150,16.5
2/17/2025,Howard,Maryland ES,Home,-11.5,147,-1000,86-62,24,12.5,148,1
2/17/2025,NC Central,Morgan St,Home,-9.5,161.5,-470,78-92,-14,-23.5,170,8.5
2/17/2025,Norfolk St,Delaware St,Home,-8,149,-380,96-84,12,4,180,31
2/17/2025,S Carolina St,Coppin St,Home,-16,141.5,-2100,87-57,30,14,144,2.5
2/17/2025,Bethune,Jackson St,Home,-3,148.5,-159,71-84,-13,-16,155,6.5
2/17/2025,McNeese,SE Louisiana,Away,-9,139.5,-429,88-82,6,-3,170,30.5
2/17/2025,Nicholls,New Orleans,Away,-9.5,148.5,-500,78-62,16,6.5,140,-8.5
2/17/2025,Alabama A&M,AR-Pine Bluff,Away,-2,162.5,-130,75-61,14,12,136,-26.5
2/17/2025,Florida A&M,Alcorn St,Home,-3,138.5,-165,85-76,9,6,161,22.5
2/17/2025,Bucknell,Lehigh,Home,-7,140.5,-298,67-50,17,10,117,-23.5
2/17/2025,Alabama St,Miss Valley St,Away,-18,136.5,-3200,79-56,23,5,135,-1.5
2/16/2025,Louisville,Notre Dame,Away,-7.5,148.5,-349,75-60,15,7.5,135,-13.5
2/16/2025,Oregon,Rutgers,Home,-8,153.5,-383,75-57,18,10,132,-21.5
2/16/2025,Maryland,Iowa,Home,-11,163.5,-700,101-75,26,15,176,12.5
2/16/2025,UAB,S Florida,Home,-8,157.5,-410,85-78,7,-1,163,5.5
2/16/2025,Illinois Chicago,Missouri St,Home,-5.5,142,-243,63-58,5,-0.5,121,-21
2/16/2025,Nebraska,Northwestern,Away,-1.5,142,-132,68-64,4,2.5,132,-10
2/16/2025,St John's,Creighton,Home,-6.5,143.5,-278,79-73,6,-0.5,152,8.5
2/16/2025,Cleveland St,Youngstown St,Home,-3.5,142,-165,60-68,-8,-11.5,128,-14
2/16/2025,Oakland,Detroit Mercy,Home,-12.5,138,-1050,93-83,10,-2.5,176,38
2/16/2025,Wright St,Green Bay,Away,-9.5,152,-464,68-79,-11,-20.5,147,-5
2/16/2025,Milwaukee,N Kentucky,Home,-6.5,145,-270,92-70,22,15.5,162,17
2/16/2025,Quinnipiac,Iona,Home,-6.5,150.5,-280,79-74,5,-1.5,153,2.5
2/16/2025,Mt St Mary's,Canisius,Away,-7.5,140.5,-322,73-66,7,-0.5,139,-1.5
2/16/2025,Valparaiso,Evansville,Away,-1.5,142.5,-126,69-79,-10,-11.5,148,5.5
2/17/2025,N Iowa,Murray St,Neutral,-1.5,135.5,-135,74-67,7,5.5,141,5.5
2/16/2025,Saint Peter's,Rider,Home,-4.5,129,-180,66-65,1,-3.5,131,2
2/16/2025,Merrimack,Marist,Home,-5,124.5,-218,60-61,-1,-6,121,-3.5
2/16/2025,Sacred Heart,Siena,Home,-2.5,152,-145,73-80,-7,-9.5,153,1
2/16/2025,Drake,Bradley,Home,-5.5,129.5,-258,59-61,-2,-7.5,120,-9.5
2/16/2025,New Mexico,Utah St,Home,-5,159,-223,82-79,3,-2,161,2
2/16/2025,Florida Atlantic,Temple,Away,-5,162,-222,83-81,2,-3,164,2
2/16/2025,Memphis,Wichita St,Away,-7.5,150,-365,79-84,-5,-12.5,163,13
2/15/2025,UC Irvine,Hawai'i,Away,-5.5,138.5,-234,66-49,17,11.5,115,-23.5
2/15/2025,Saint Mary's,Washington St,Home,-15.5,140.5,-1600,77-56,21,5.5,133,-7.5
2/15/2025,UCSD,UC Davis,Home,-14.5,134.5,-1250,85-60,25,10.5,145,10.5
2/14/2025,Nevada,San Jose St,Away,-7.5,136.5,-388,73-58,15,7.5,131,-5.5
2/15/2025,Kansas,Utah,Away,-6.5,146,-277,67-74,-7,-13.5,141,-5
2/15/2025,CS Bakersfield,CS Fullerton,Home,-9.5,142.5,-500,91-54,37,27.5,145,2.5
2/15/2025,New Mexico St,Florida Intl,Home,-6.5,138.5,-298,76-48,28,21.5,124,-14.5
2/15/2025,Cal Baptist,Utah Tech,Home,-11.5,144.5,-805,86-83,3,-8.5,169,24.5
2/15/2025,BYU,Kansas St,Home,-8,146.5,-330,80-65,15,7,145,-1.5
2/15/2025,Florida,South Carolina,Home,-13.5,144.5,-900,88-67,21,7.5,155,10.5
2/15/2025,W Kentucky,Middle Tenn,Home,-2.5,151.5,-145,77-87,-10,-12.5,164,12.5
2/15/2025,Texas,Kentucky,Home,-4.5,159,-195,82-78,4,-0.5,160,1
2/15/2025,Marshall,Louisiana,Away,-6,146,-270,68-79,-11,-17,147,1
2/15/2025,CS Northridge,Cal Poly,Home,-10,171.5,-550,89-85,4,-6,174,2.5
2/15/2025,Arizona St,TCU,Home,-4.5,142,-195,70-74,-4,-8.5,144,2
2/15/2025,Illinois,Michigan St,Home,-6.5,158.5,-274,65-79,-14,-20.5,144,-14.5
2/15/2025,Chattanooga,E Tennessee St,Home,-6.5,144,-282,78-71,7,0.5,149,5
2/15/2025,NC Wilmington,Elon,Home,-9.5,140,-506,70-81,-11,-20.5,151,11
2/15/2025,Yale,Princeton,Home,-6.5,146,-330,84-57,27,20.5,141,-5
2/15/2025,Bellarmine,W Georgia,Home,-2.5,146.5,-156,76-81,-5,-7.5,157,10.5
2/15/2025,Villanova,Providence,Away,-2.5,142,-153,62-75,-13,-15.5,137,-5
2/15/2025,Oklahoma,LSU,Home,-8,148.5,-360,79-82,-3,-11,161,12.5
2/15/2025,Mississippi,Mississippi St,Home,-3,147.5,-165,71-81,-10,-13,152,4.5
2/15/2025,Tulsa,UTSA,Home,-1.5,147.5,-125,80-76,4,2.5,156,8.5
2/15/2025,SMU,Wake Forest,Home,-6.5,144.5,-285,66-77,-11,-17.5,143,-1.5
2/15/2025,North Carolina,Syracuse,Away,-8.5,153,-423,88-82,6,-2.5,170,17
2/15/2025,Brown,Penn,Home,-4.5,143.5,-192,82-72,10,5.5,154,10.5
2/15/2025,Harvard,Columbia,Home,-3,150,-162,87-75,12,9,162,12
2/15/2025,UT Rio Grande,Hou Christian,Home,-4.5,147.5,-205,76-52,24,19.5,128,-19.5
2/15/2025,Southern,Prairie View,Home,-14.5,151,-1600,72-60,12,-2.5,132,-19
2/15/2025,Lipscomb,FGCU,Home,-6.5,143.5,-325,82-68,14,7.5,150,6.5
2/15/2025,SE Missouri St,Tenn Tech,Home,-6.5,143.5,-286,83-69,14,7.5,152,8.5
2/15/2025,SIU Edward,Tennessee St,Home,-4.5,145,-191,84-72,12,7.5,156,11
2/15/2025,Texas A&M-CC,Incarnate Word,Home,-7.5,143.5,-325,69-55,14,6.5,124,-19.5
2/15/2025,N Florida,C Arkansas,Away,-9,157.5,-420,83-84,-1,-10,167,9.5
2/15/2025,UT Martin,E Illinois,Away,-2.5,136,-138,72-68,4,1.5,140,4
2/15/2025,Lindenwood,S Indiana,Home,-3.5,143,-162,81-78,3,-0.5,159,16
2/15/2025,NC Asheville,Charleston So,Home,-10.5,154.5,-708,75-72,3,-7.5,147,-7.5
2/15/2025,NW State,SF Austin,Home,-2.5,129.5,-149,68-70,-2,-4.5,138,8.5
2/15/2025,Louisiana Tech,Jacksonville St,Home,-3,134.5,-160,68-70,-2,-5,138,3.5
2/15/2025,E Kentucky,Queens,Home,-2.5,155.5,-133,86-80,6,3.5,166,10.5
2/15/2025,Alabama,Auburn,Home,-1.5,174.5,-134,85-94,-9,-10.5,179,4.5
2/15/2025,Duke,Stanford,Home,-18.5,142.5,-3200,106-70,36,17.5,176,33.5
2/15/2025,Rhode Island,La Salle,Home,-6.5,152.5,-294,86-71,15,8.5,157,4.5
2/15/2025,Davidson,G Washington,Home,-3.5,140.5,-165,67-74,-7,-10.5,141,0.5
2/15/2025,Georgia Tech,California,Home,-3.5,144.5,-162,90-88,2,-1.5,178,33.5
2/15/2025,Iowa St,Cincinnati,Home,-11.5,139,-750,81-70,11,-0.5,151,12
2/15/2025,E Carolina,Charlotte,Away,-3,141.5,-155,75-59,16,13,134,-7.5
2/15/2025,USC,Minnesota,Home,-8,140,-375,66-69,-3,-11,135,-5
2/15/2025,S Carolina St,Morgan St,Home,-9.5,158,-486,90-62,28,18.5,152,-6
2/15/2025,N Arizona,Sacramento St,Away,-3.5,138.5,-172,65-61,4,0.5,126,-12.5
2/15/2025,Norfolk St,Maryland ES,Away,-12.5,140,-1100,75-63,12,-0.5,138,-2
2/15/2025,Cornell,Dartmouth,Away,-3.5,161.5,-171,49-88,-39,-42.5,137,-24.5
2/15/2025,NC Central,Coppin St,Home,-13,145,-1200,71-59,12,-1,130,-15
2/15/2025,W Carolina,The Citadel,Home,-6.5,140.5,-278,76-73,3,-3.5,149,8.5
2/15/2025,Missouri,Georgia,Away,-2,144.5,-132,87-74,13,11,161,16.5
2/15/2025,Sam Houston,Kennesaw St,Home,-2.5,150.5,-142,78-76,2,-0.5,154,3.5
2/15/2025,Arkansas St,Troy,Home,-6.5,144.5,-278,70-71,-1,-7.5,141,-3.5
2/15/2025,Lamar,E Texas A&M,Away,-5,134.5,-221,65-55,10,5,120,-14.5
2/15/2025,Southern Miss,UL Monroe,Away,-4.5,145.5,-190,74-81,-7,-11.5,155,9.5
2/15/2025,Longwood,Presbyterian,Home,-5.5,141.5,-245,68-77,-9,-14.5,145,3.5
2/15/2025,Texas Tech,Oklahoma St,Away,-9.5,148.5,-460,93-55,38,28.5,148,-0.5
2/15/2025,Colorado,UCF,Home,-1.5,154.5,-128,76-63,13,11.5,139,-15.5
2/15/2025,UConn,Seton Hall,Away,-13.5,132,-1350,68-69,-1,-14.5,137,5
2/15/2025,Dayton,Duquesne,Home,-10.5,134.5,-594,77-76,1,-9.5,153,18.5
2/15/2025,Robert Morris,Purdue FW,Home,-2.5,155.5,-145,76-69,7,4.5,145,-10.5
2/15/2025,Hofstra,Hampton,Away,-2.5,129,-134,49-67,-18,-20.5,116,-13
2/15/2025,N Alabama,Jacksonville,Home,-4.5,144.5,-207,92-79,13,8.5,171,26.5
2/15/2025,North Dakota,Oral Roberts,Home,-6,158.5,-278,88-77,11,5,165,6.5
2/15/2025,Furman,NC Greensboro,Home,-3,139.5,-165,50-58,-8,-11,108,-31.5
2/15/2025,Butler,Georgetown,Home,-3.5,140,-174,97-86,11,7.5,183,43
2/15/2025,High Point,Winthrop,Away,-3,164.5,-166,88-66,22,19,154,-10.5
2/15/2025,Baylor,West Virginia,Home,-8.5,136.5,-415,74-71,3,-5.5,145,8.5
2/15/2025,Houston,Arizona,Away,-2,137.5,-142,62-58,4,2,120,-17.5
2/15/2025,NC State,Boston College,Home,-8.5,141.5,-410,70-62,8,-0.5,132,-9.5
2/15/2025,Virginia Tech,Virginia,Home,-1.5,128.5,-125,70-73,-3,-4.5,143,14.5
2/15/2025,Penn St,Washington,Home,-6,150,-260,73-75,-2,-8,148,-2
2/15/2025,Maine,Vermont,Home,-3.5,125.5,-169,61-65,-4,-7.5,126,0.5
2/15/2025,Tennessee,Vanderbilt,Home,-12.5,141,-900,81-76,5,-7.5,157,16
2/15/2025,UMass Lowell,New Hampshire,Away,-10,149.5,-601,79-80,-1,-11,159,9.5
2/15/2025,Purdue,Wisconsin,Home,-6,151.5,-245,84-94,-10,-16,178,26.5
2/15/2025,Bucknell,Lafayette,Away,-1.5,135,-125,75-69,6,4.5,144,9
2/15/2025,Stonehill,Mercyhurst,Home,-5,134.5,-220,85-73,12,7,158,23.5
2/15/2025,George Mason,Saint Joseph's,Home,-4.5,134,-195,58-57,1,-3.5,115,-19
2/15/2025,McNeese,New Orleans,Away,-19.5,142.5,-3600,78-64,14,-5.5,142,-0.5
2/15/2025,Xavier,DePaul,Home,-12.5,144,-900,85-68,17,4.5,153,9
2/15/2025,Montana,Weber St,Home,-9.5,146,-550,65-58,7,-2.5,123,-23
2/15/2025,E Washington,Idaho,Home,-2.5,149.5,-142,75-73,2,-0.5,148,-1.5
2/15/2025,Mercer,VMI,Home,-8,155.5,-350,71-80,-9,-17,151,-4.5
2/15/2025,Miami OH,W Michigan,Away,-6,153,-260,70-78,-8,-14,148,-5
2/15/2025,Ball St,N Illinois,Home,-9.5,148,-474,89-83,6,-3.5,172,24
2/14/2025,Kent St,Ohio,Home,-4.5,148.5,-205,76-75,1,-3.5,151,2.5
2/15/2025,Toledo,E Michigan,Away,-4,157.5,-182,73-80,-7,-11,153,-4.5
2/15/2025,N Dakota St,Denver,Home,-12.5,146,-933,89-84,5,-7.5,173,27
2/15/2025,St Thomas,Omaha,Home,-7.5,156.5,-352,95-84,11,3.5,179,22.5
2/16/2025,S Dakota St,South Dakota,Away,-5.5,175.5,-238,94-91,3,-2.5,185,9.5
2/15/2025,Grand Canyon,UT Arlington,Away,-8,152,-363,82-75,7,-1,157,5
2/15/2025,Seattle,Tarleton St,Away,-5.5,129,-233,64-67,-3,-8.5,131,2
2/15/2025,Utah Valley,S Utah,Away,-8.5,143,-410,70-68,2,-6.5,138,-5
2/15/2025,San Francisco,San Diego,Away,-12.5,150.5,-950,84-61,23,10.5,145,-5.5
2/15/2025,Oregon St,Pacific,Home,-13.5,137.5,-1100,79-65,14,0.5,144,6.5
2/15/2025,Gonzaga,Pepperdine,Home,-26,162,-6500,107-55,52,26,162,0
2/15/2025,Loyola Mymt,Portland,Away,-4.5,146,-230,78-89,-11,-15.5,167,21
2/15/2025,Austin Peay,Stetson,Home,-9.5,146.5,-537,76-63,13,3.5,139,-7.5
2/15/2025,Northeastern,Stony Brook,Home,-11,140.5,-661,71-60,11,0,131,-9.5
2/15/2025,Delaware,Campbell,Home,-3.5,148.5,-170,91-96,-5,-8.5,187,38.5
2/15/2025,Texas A&M,Arkansas,Home,-7.5,142.5,-375,69-61,8,0.5,130,-12.5
2/15/2025,William & Mary,Drexel,Home,-2.5,144,-141,72-59,13,10.5,131,-13
2/15/2025,Charleston,NC A&T,Away,-9.5,144.5,-501,69-59,10,0.5,128,-16.5
2/15/2025,S Alabama,Texas St,Home,-6.5,136.5,-290,70-65,5,-1.5,135,-1.5
2/15/2025,J Madison,Coastal Car,Away,-9.5,131.5,-475,74-73,1,-8.5,147,15.5
2/15/2025,Akron,C Michigan,Away,-3.5,156.5,-183,85-82,3,-0.5,167,10.5
2/15/2025,Georgia So,Old Dominion,Home,-5,146.5,-220,78-75,3,-2,153,6.5
2/15/2025,Gardner-Webb,SC Upstate,Away,-5.5,163,-225,96-87,9,3.5,183,20
2/15/2025,Towson,Monmouth,Home,-8.5,136.5,-446,80-54,26,17.5,134,-2.5
2/15/2025,UNLV,Fresno St,Away,-8,148.5,-375,52-51,1,-7,103,-45.5
2/15/2025,Alabama St,AR-Pine Bluff,Away,-7.5,157.5,-345,75-63,12,4.5,138,-19.5
2/15/2025,Colorado St,Wyoming,Home,-10.5,135.5,-570,88-53,35,24.5,141,5.5
2/15/2025,San Diego St,Boise St,Home,-1.5,134.5,-142,64-47,17,15.5,111,-23.5
2/15/2025,Lehigh,Holy Cross,Home,-5,139,-226,72-60,12,7,132,-7
2/15/2025,Jackson St,Florida A&M,Away,-2.5,144.5,-142,71-76,-5,-7.5,147,2.5
2/15/2025,Navy,Army,Home,-3.5,143.5,-184,61-54,7,3.5,115,-28.5
2/15/2025,American,Loyola MD,Home,-4,134.5,-202,72-51,21,17,123,-11.5
2/15/2025,Colgate,Boston U,Away,-3.5,136.5,-174,91-93,-2,-5.5,184,47.5
2/15/2025,Bethune,Alcorn St,Home,-6,137.5,-265,74-78,-4,-10,152,14.5
2/15/2025,Alabama A&M,Miss Valley St,Away,-13.5,137.5,-1000,82-70,12,-1.5,152,14.5
2/15/2025,LIU,F Dickinson,Home,-2.5,136.5,-145,62-58,4,1.5,120,-16.5
2/15/2025,App State,Georgia St,Away,-3.5,142.5,-170,65-70,-5,-8.5,135,-7.5
2/15/2025,Binghamton,NJIT,Away,-3,137.5,-150,75-71,4,1,146,8.5
2/15/2025,Bryant,UMBC,Home,-12,167.5,-843,81-79,2,-10,160,-7.5
2/15/2025,Le Moyne,Chicago St,Home,-6,148.5,-271,80-75,5,-1,155,6.5
2/15/2025,C Connecticut,St Francis PA,Home,-11.5,137.5,-729,83-67,16,4.5,150,12.5
2/15/2025,Montana St,Idaho St,Home,-4,140,-185,74-69,5,1,143,3
2/15/2025,Tulane,Rice,Home,-4.5,140.5,-215,81-78,3,-1.5,159,18.5
2/15/2025,Pittsburgh,Miami,Home,-11.5,150,-750,74-65,9,-2.5,139,-11
2/15/2025,Clemson,Florida St,Away,-4.5,142.5,-205,72-46,26,21.5,118,-24.5
2/15/2025,Grambling,Texas So,Home,-1.5,135.5,-130,60-67,-7,-8.5,127,-8.5
2/14/2025,Milwaukee,Wright St,Home,-6.5,156.5,-270,88-80,8,1.5,168,11.5
2/14/2025,UCLA,Indiana,Away,-2,140.5,-148,72-68,4,2,140,-0.5
2/14/2025,Yale,Penn,Home,-15.5,150,-1700,72-71,1,-14.5,143,-7
2/14/2025,Cornell,Harvard,Away,-6.5,152.5,-274,73-75,-2,-8.5,148,-4.5
2/14/2025,Princeton,Brown,Away,-5,142,-217,56-70,-14,-19,126,-16
2/14/2025,Iona,Rider,Home,-6,139,-262,71-74,-3,-9,145,6
2/14/2025,Quinnipiac,Sacred Heart,Away,-2.5,156.5,-150,99-90,9,6.5,189,32.5
2/14/2025,N Kentucky,Green Bay,Away,-7,141.5,-330,73-60,13,6,133,-8.5
2/14/2025,Merrimack,Manhattan,Away,-3.5,136.5,-156,75-79,-4,-7.5,154,17.5
2/14/2025,Siena,Marist,Home,-2.5,129,-163,64-65,-1,-3.5,129,0
2/14/2025,Loyola Chi,Saint Louis,Home,-2.5,140,-148,78-69,9,6.5,147,7
2/14/2025,Dartmouth,Columbia,Home,-1.5,159.5,-127,78-56,22,20.5,134,-25.5
2/14/2025,Saint Peter's,Fairfield,Home,-4,132.5,-205,65-52,13,9,117,-15.5
2/13/2025,Hawai'i,Long Beach St,Home,-10.5,138.5,-625,62-60,2,-8.5,122,-16.5
2/13/2025,Gonzaga,San Francisco,Home,-15.5,153.5,-1450,88-77,11,-4.5,165,11.5
2/13/2025,Portland St,N Arizona,Home,-5,145.5,-219,58-46,12,7,104,-41.5
2/13/2025,Cal Poly,CS Fullerton,Away,-5.5,158.5,-265,98-83,15,9.5,181,22.5
2/13/2025,UCSD,CS Bakersfield,Away,-12.5,140.5,-959,73-54,19,6.5,127,-13.5
2/13/2025,UTEP,Florida Intl,Home,-8.5,142,-470,77-63,14,5.5,140,-2
2/13/2025,Liberty,New Mexico St,Away,-3.5,133.5,-155,64-54,10,6.5,118,-15.5
2/13/2025,Memphis,S Florida,Away,-6.5,151.5,-304,80-65,15,8.5,145,-6.5
2/13/2025,SIU Edward,UT Martin,Home,-5.5,137,-265,71-76,-5,-10.5,147,10
2/13/2025,S Utah,Utah Tech,Home,-2.5,144,-155,76-74,2,-0.5,150,6
2/13/2025,Tennessee St,E Illinois,Away,-2,142.5,-136,66-49,17,15,115,-27.5
2/13/2025,Lipscomb,Stetson,Home,-18.5,148.5,-2100,93-60,33,14.5,153,4.5
2/13/2025,S Alabama,Marshall,Home,-4.5,136.5,-195,91-82,9,4.5,173,36.5
2/13/2025,North Dakota,Denver,Home,-8.5,152,-421,64-68,-4,-12.5,132,-20
2/13/2025,Little Rock,Tenn Tech,Home,-6.5,134.5,-307,79-75,4,-2.5,154,19.5
2/13/2025,Seattle,Abl Christian,Away,-3,137.5,-155,59-75,-16,-19,134,-3.5
2/13/2025,Louisiana Tech,Kennesaw St,Home,-4.5,144.5,-205,47-69,-22,-26.5,116,-28.5
2/13/2025,Sam Houston,Jacksonville St,Home,-3,142.5,-158,66-61,5,2,127,-15.5
2/13/2025,Texas St,UL Monroe,Away,-8.5,141.5,-439,72-60,12,3.5,132,-9.5
2/13/2025,Jacksonville,C Arkansas,Away,-12,135.5,-826,77-62,15,3,139,3.5
2/13/2025,E Kentucky,W Georgia,Home,-12.5,151,-1050,95-73,22,9.5,168,17
2/13/2025,N Alabama,N Florida,Home,-10,166.5,-520,83-70,13,3,153,-13.5
2/13/2025,Le Moyne,Wagner,Home,-2.5,131.5,-147,72-68,4,1.5,140,8.5
2/13/2025,App State,Coastal Car,Away,-8.5,127,-410,64-46,18,9.5,110,-17
2/13/2025,Vermont,New Hampshire,Home,-14.5,130.5,-1350,79-59,20,5.5,138,7.5
2/13/2025,Queens,Bellarmine,Away,-8,149.5,-334,92-87,5,-3,179,29.5
2/13/2025,UMBC,Binghamton,Home,-4.5,149,-199,81-77,4,-0.5,158,9
2/13/2025,UMass Lowell,Albany,Home,-4.5,150.5,-214,88-90,-2,-6.5,178,27.5
2/13/2025,Georgia St,Old Dominion,Home,-2.5,150.5,-148,97-75,22,19.5,172,21.5
2/13/2025,Cal Baptist,UT Arlington,Away,-1.5,145.5,-127,79-82,-3,-4.5,161,15.5
2/13/2025,Grand Canyon,Tarleton St,Away,-11.5,136.5,-715,64-60,4,-7.5,124,-12.5
2/13/2025,Oregon St,Portland,Away,-13.5,144.5,-1000,72-84,-12,-25.5,156,11.5
2/13/2025,N Dakota St,Oral Roberts,Home,-13,154.5,-1200,94-88,6,-7,182,27.5
2/13/2025,South Dakota,Kansas City,Home,-2.5,158,-148,79-72,7,4.5,151,-7
2/13/2025,S Dakota St,Omaha,Home,-8.5,155,-450,98-85,13,4.5,183,28
2/13/2025,J Madison,Georgia So,Away,-3.5,144.5,-175,77-72,5,1.5,149,4.5
2/13/2025,UC Irvine,UCSB,Home,-8.5,142.5,-440,62-60,2,-6.5,122,-20.5
2/13/2025,UC Davis,UC Riverside,Home,-1.5,134.5,-128,75-74,1,-0.5,149,14.5
2/13/2025,NC Wilmington,Charleston,Home,-5.5,153.5,-234,86-66,20,14.5,152,-1.5
2/13/2025,Northeastern,Campbell,Home,-5,138,-218,67-58,9,4,125,-13
2/13/2025,Elon,NC A&T,Home,-12.5,139,-988,59-60,-1,-13.5,119,-20
2/13/2025,Loyola Mymt,Pacific,Home,-11.5,137,-736,58-83,-25,-36.5,141,4
2/13/2025,FGCU,Austin Peay,Away,-5,144,-213,60-73,-13,-18,133,-11
2/13/2025,Pepperdine,San Diego,Home,-8.5,152,-362,88-81,7,-1.5,169,17
2/13/2025,William & Mary,Hofstra,Home,-2.5,145.5,-148,61-60,1,-1.5,121,-24.5
2/13/2025,Monmouth,Stony Brook,Away,-2,141,-143,79-69,10,8,148,7
2/13/2025,N Colorado,Sacramento St,Away,-7.5,145,-351,77-61,16,8.5,138,-7
2/13/2025,Montana St,Weber St,Home,-8.5,139,-385,74-66,8,-0.5,140,1
2/13/2025,Montana,Idaho St,Home,-4.5,146.5,-210,81-68,13,8.5,149,2.5
2/13/2025,C Connecticut,Mercyhurst,Home,-12,132.5,-899,73-63,10,-2,136,3.5
2/13/2025,F Dickinson,Chicago St,Home,-9.5,144.5,-427,91-49,42,32.5,140,-4.5
2/13/2025,Stonehill,St Francis PA,Home,-3.5,137.5,-180,79-74,5,1.5,153,15.5
2/13/2025,Towson,Delaware,Home,-6.5,142.5,-284,75-70,5,-1.5,145,2.5
2/12/2025,New Mexico,Wyoming,Home,-16.5,143.5,-2100,71-67,4,-12.5,138,-5.5
2/12/2025,Bradley,S Illinois,Home,-8,146.5,-393,78-64,14,6,142,-4.5
2/12/2025,Drake,Illinois St,Away,-2,125.5,-128,84-77,7,5,161,35.5
2/12/2025,Missouri,Oklahoma,Home,-9.5,151.5,-500,82-58,24,14.5,140,-11.5
2/12/2025,Arkansas,LSU,Home,-9.5,147,-488,70-58,12,2.5,128,-19
2/12/2025,Texas Tech,Arizona St,Home,-16,145.5,-1800,111-106,5,-11,217,71.5
2/12/2025,Notre Dame,Boston College,Away,-4.5,138.5,-192,97-94,3,-1.5,191,52.5
2/12/2025,Duke,California,Home,-23.5,142.5,-6500,78-57,21,-2.5,135,-7.5
2/12/2025,Arkansas St,Southern Miss,Home,-15.5,154,-1450,101-67,34,18.5,168,14
2/12/2025,Ohio St,Washington,Home,-11.5,144.5,-700,93-69,24,12.5,162,17.5
2/12/2025,Xavier,Providence,Away,-3,145,-163,91-82,9,6,173,28
2/12/2025,Samford,Chattanooga,Home,-5.5,155,-225,68-82,-14,-19.5,150,-5
2/12/2025,Loyola MD,Army,Home,-1.5,144.5,-125,60-64,-4,-5.5,124,-20.5
2/12/2025,Navy,Lehigh,Home,-3.5,138.5,-182,63-60,3,-0.5,123,-15.5
2/12/2025,Mississippi,South Carolina,Away,-3.5,138.5,-185,72-68,4,0.5,140,1.5
2/12/2025,Cleveland St,Robert Morris,Home,-4.5,141.5,-198,59-68,-9,-13.5,127,-14.5
2/12/2025,E Tennessee St,W Carolina,Away,-10,141.5,-575,67-76,-9,-19,143,1.5
2/12/2025,Furman,Mercer,Home,-5.5,154,-245,96-72,24,18.5,168,14
2/12/2025,NC Greensboro,VMI,Home,-9.5,139,-500,80-54,26,16.5,134,-5
2/12/2025,Wofford,The Citadel,Away,-11.5,137,-900,74-71,3,-8.5,145,8
2/12/2025,VCU,G Washington,Away,-8.5,141.5,-395,80-72,8,-0.5,152,10.5
2/12/2025,Stanford,Georgia Tech,Away,-1.5,143.5,-132,52-60,-8,-9.5,112,-31.5
2/12/2025,Wake Forest,Florida St,Home,-6.5,143.5,-265,70-72,-2,-8.5,142,-1.5
2/12/2025,Louisville,NC State,Away,-8.5,144,-368,91-66,25,16.5,157,13
2/12/2025,Temple,Tulsa,Home,-8.5,148,-400,74-80,-6,-14.5,154,6
2/12/2025,Dayton,Fordham,Away,-7.5,145.5,-350,93-76,17,9.5,169,23.5
2/12/2025,Saint Joseph's,La Salle,Home,-11.5,148.5,-900,75-63,12,0.5,138,-10.5
2/12/2025,TCU,Oklahoma St,Home,-4.5,140.5,-230,73-72,1,-3.5,145,4.5
2/13/2025,High Point,Longwood,Home,-10.5,155.5,-654,83-72,11,0.5,155,-0.5
2/12/2025,Niagara,Canisius,Home,-8.5,135.5,-440,71-60,11,2.5,131,-4.5
2/12/2025,Rutgers,Iowa,Home,-6,161,-252,73-84,-11,-17,157,-4
2/12/2025,Oakland,IU Indy,Away,-6.5,145.5,-278,82-67,15,8.5,149,3.5
2/12/2025,Winthrop,Radford,Home,-3,151.5,-149,78-74,4,1,152,0.5
2/12/2025,St John's,Villanova,Away,-2,140,-148,71-73,-2,-4,144,4
2/12/2025,Bucknell,Boston U,Home,-5.5,131.5,-242,76-60,16,10.5,136,4.5
2/12/2025,Belmont,Valparaiso,Away,-4.5,161.5,-205,86-101,-15,-19.5,187,25.5
2/12/2025,Colgate,Holy Cross,Away,-5,143.5,-205,87-65,22,17,152,8.5
2/12/2025,Missouri St,Evansville,Home,-4.5,132,-209,71-54,17,12.5,125,-7
2/12/2025,Troy,Louisiana,Away,-10,138.5,-496,74-56,18,8,130,-8.5
2/12/2025,NC Asheville,SC Upstate,Away,-10,163.5,-587,92-85,7,-3,177,13.5
2/12/2025,Wichita St,UTSA,Home,-6,150.5,-256,69-64,5,-1,133,-17.5
2/11/2025,Saint Mary's,Santa Clara,Home,-11.5,137.5,-839,73-64,9,-2.5,137,-0.5
2/11/2025,Utah St,Colorado St,Home,-6.5,147,-300,93-85,8,1.5,178,31
2/11/2025,San Diego St,San Jose St,Away,-8.5,133,-450,69-66,3,-5.5,135,2
2/11/2025,Oregon,Northwestern,Home,-9.5,142.5,-475,81-75,6,-3.5,156,13.5
2/11/2025,UNLV,Air Force,Home,-13.5,135.5,-1500,77-52,25,11.5,129,-6.5
2/11/2025,Texas A&M,Georgia,Home,-7.5,137.5,-345,69-53,16,8.5,122,-15.5
2/11/2025,Alabama,Texas,Away,-5,167,-221,103-80,23,18,183,16
2/11/2025,Creighton,UConn,Home,-3.5,140.5,-170,66-70,-4,-7.5,136,-4.5
2/11/2025,SMU,Pittsburgh,Home,-4.5,149.5,-175,83-63,20,15.5,146,-3.5
2/11/2025,Kansas,Colorado,Home,-17.5,142.5,-2400,71-59,12,-5.5,130,-12.5
2/11/2025,N Texas,Rice,Away,-6,125.5,-258,67-61,6,0,128,2.5
2/11/2025,USC,Penn St,Home,-4.5,151.5,-185,92-67,25,20.5,159,7.5
2/11/2025,Michigan St,Indiana,Home,-11.5,148.5,-750,67-71,-4,-15.5,138,-10.5
2/11/2025,Marquette,DePaul,Home,-16.5,141.5,-2400,68-58,10,-6.5,126,-15.5
2/11/2025,Little Rock,SE Missouri St,Home,-4.5,136.5,-218,45-57,-12,-16.5,102,-34.5
2/11/2025,Murray St,Illinois Chicago,Home,-3.5,145,-175,63-53,10,6.5,116,-29
2/11/2025,Illinois,UCLA,Home,-7,148.5,-290,83-78,5,-2,161,12.5
2/11/2025,Arizona,Kansas St,Away,-3.5,150,-166,70-73,-3,-6.5,143,-7
2/11/2025,Saint Louis,George Mason,Home,-1.5,133.5,-129,74-76,-2,-3.5,150,16.5
2/11/2025,Tennessee,Kentucky,Away,-3.5,146.5,-175,64-75,-11,-14.5,139,-7.5
2/11/2025,Mississippi St,Florida,Home,-2.5,154.5,-142,68-81,-13,-15.5,149,-5.5
2/11/2025,Auburn,Vanderbilt,Away,-8.5,157,-489,80-68,12,3.5,148,-9
2/11/2025,Miami,Syracuse,Home,-2.5,150.5,-142,91-84,7,4.5,175,24.5
2/11/2025,West Virginia,BYU,Home,-2.5,135.5,-145,69-73,-4,-6.5,142,6.5
2/11/2025,Cincinnati,Utah,Home,-8,136.5,-395,85-75,10,2,160,23.5
2/11/2025,Loyola Chi,Richmond,Away,-5.5,129.5,-225,87-80,7,1.5,167,37.5
2/11/2025,UAB,E Carolina,Away,-2.5,152,-145,75-82,-7,-9.5,157,5
2/11/2025,Iowa St,UCF,Away,-7.5,157.5,-350,77-65,12,4.5,142,-15.5
2/11/2025,Michigan,Purdue,Home,-3,152.5,-162,75-73,2,-1,148,-4.5
2/11/2025,Ball St,E Michigan,Home,-4.5,149.5,-190,86-84,2,-2.5,170,20.5
2/11/2025,N Illinois,Buffalo,Home,-2,154,-133,67-73,-6,-8,140,-14
2/11/2025,Kent St,C Michigan,Home,-8,135.5,-381,91-83,8,0,174,38.5
2/11/2025,Miami OH,Toledo,Home,-4.5,156.5,-205,92-80,12,7.5,172,15.5
2/11/2025,Akron,W Michigan,Home,-14.5,155.5,-1450,105-92,13,-1.5,197,41.5
2/11/2025,Ohio,Bowling Green,Away,-4.5,155.5,-205,86-81,5,0.5,167,11.5
2/11/2025,N Iowa,Indiana St,Home,-8.5,153,-370,88-73,15,6.5,161,8
2/10/2025,Nevada,Fresno St,Home,-16,142.5,-1350,94-69,25,9,163,20.5
2/10/2025,Houston,Baylor,Home,-9.5,133,-485,76-65,11,1.5,141,8
2/10/2025,Florida Atlantic,Charlotte,Home,-13.5,149,-997,87-75,12,-1.5,162,13
2/10/2025,Prairie View,Florida A&M,Home,-1.5,150,-130,67-78,-11,-12.5,145,-5
2/10/2025,Grambling,Alabama A&M,Away,-2.5,140.5,-148,72-61,11,8.5,133,-7.5
2/10/2025,SF Austin,UT Rio Grande,Home,-2,143,-133,85-75,10,8,160,17
2/10/2025,McNeese,E Texas A&M,Home,-19,135.5,-2800,67-51,16,-3,118,-17.5
2/10/2025,Clemson,North Carolina,Home,-4,144.5,-192,85-65,20,16,150,5.5
2/10/2025,Hou Christian,SE Louisiana,Home,-2,141.5,-125,60-69,-9,-11,129,-12.5
2/10/2025,Incarnate Word,New Orleans,Home,-12,145,-930,75-65,10,-2,140,-5
2/10/2025,Southern,Alabama St,Away,-1.5,143,-125,81-82,-1,-2.5,163,20
2/10/2025,Alcorn St,Miss Valley St,Home,-17,128,-2400,86-39,47,30,125,-3
2/10/2025,American,Lafayette,Home,-3,133,-162,60-58,2,-1,118,-15
2/10/2025,Jackson St,AR-Pine Bluff,Home,-14,153,-988,94-78,16,2,172,19
2/10/2025,Nicholls,NW State,Home,-7,139,-310,60-72,-12,-19,132,-7
2/9/2025,Nebraska,Ohio St,Home,-2.5,144.5,-155,79-71,8,5.5,150,5.5
2/9/2025,Memphis,Temple,Home,-14.5,154.5,-1500,90-82,8,-6.5,172,17.5
2/9/2025,S Florida,Wichita St,Home,-2,147.5,-131,70-75,-5,-7,145,-2.5
2/9/2025,Maryland,Rutgers,Home,-9,150,-465,90-81,9,0,171,21
2/9/2025,Villanova,Xavier,Home,-2.5,140.5,-145,80-68,12,9.5,148,7.5
2/9/2025,St Bonaventure,G Washington,Home,-4,136.5,-198,52-62,-10,-14,114,-22.5
2/8/2025,Washington,Northwestern,Home,-3,137.5,-161,76-71,5,2,147,9.5
2/8/2025,Saint Mary's,Oregon St,Away,-4.5,129,-197,63-49,14,9.5,112,-17
2/8/2025,Arizona,Texas Tech,Home,-4,150,-180,82-73,9,5,155,5
2/8/2025,UC Davis,CS Fullerton,Away,-7,135.5,-298,65-49,16,9,114,-21.5
2/8/2025,SE Missouri St,S Indiana,Away,-4,142,-185,79-74,5,1,153,11
2/8/2025,Abl Christian,S Utah,Away,-3,137.5,-147,84-70,14,11,154,16.5
2/8/2025,Mississippi,LSU,Away,-6,147.5,-265,72-70,2,-4,142,-5.5
2/8/2025,Alabama,Arkansas,Away,-5,166.5,-230,85-81,4,-1,166,-0.5
2/8/2025,Kansas City,North Dakota,Home,-3,145,-164,80-69,11,8,149,4
2/8/2025,Wright St,IU Indy,Home,-10,152,-500,91-73,18,8,164,12
2/8/2025,Siena,Rider,Away,-2,140.5,-133,59-61,-2,-4,120,-20.5
2/8/2025,Marist,Iona,Home,-4,128.5,-175,71-75,-4,-8,146,17.5
2/8/2025,Purdue FW,Green Bay,Home,-15.5,151,-1800,89-74,15,-0.5,163,12
2/8/2025,CS Northridge,Long Beach St,Away,-11.5,145.5,-650,81-80,1,-10.5,161,15.5
2/8/2025,Santa Clara,San Diego,Home,-20,155.5,-4000,93-70,23,3,163,7.5
2/8/2025,Jacksonville,Bellarmine,Home,-12.5,143,-968,73-64,9,-3.5,137,-6
2/8/2025,High Point,NC Asheville,Home,-12.5,153.5,-750,104-100,4,-8.5,204,50.5
2/8/2025,Stanford,NC State,Home,-6,139.5,-278,74-73,1,-5,147,7.5
2/8/2025,Georgia,Mississippi St,Home,-1.5,142.5,-135,75-76,-1,-2.5,151,8.5
2/8/2025,Texas A&M-CC,SF Austin,Away,-2,139,-132,64-78,-14,-16,142,3
2/8/2025,Duke,Clemson,Away,-6,135,-270,71-77,-6,-12,148,13
2/8/2025,Loyola Chi,Duquesne,Away,-2,131.5,-128,56-69,-13,-15,125,-6.5
2/8/2025,Illinois,Minnesota,Away,-7,145.5,-293,95-74,21,14,169,23.5
2/8/2025,Bethune,Prairie View,Away,-4,150,-180,85-82,3,-1,167,17
2/8/2025,Virginia,Georgia Tech,Home,-2.5,129.5,-145,75-61,14,11.5,136,6.5
2/8/2025,McNeese,NW State,Home,-17,133.5,-2400,65-50,15,-2,115,-18.5
2/8/2025,Washington St,Pepperdine,Home,-10,153,-550,87-86,1,-9,173,20
2/8/2025,FGCU,N Florida,Away,-2.5,161.5,-153,84-70,14,11.5,154,-7.5
2/8/2025,Jacksonville St,W Kentucky,Home,-4,144.5,-175,85-83,2,-2,168,23.5
2/8/2025,Kennesaw St,Middle Tenn,Home,-2,152,-142,75-76,-1,-3,151,-1
2/8/2025,Wake Forest,California,Away,-2.5,142.5,-142,76-66,10,7.5,142,-0.5
2/8/2025,West Virginia,Utah,Home,-7,134,-310,72-61,11,4,133,-1
2/8/2025,Southern,Alabama A&M,Away,-7.5,147,-345,81-68,13,5.5,149,2
2/8/2025,Belmont,Missouri St,Home,-7.5,147.5,-330,85-68,17,9.5,153,5.5
2/8/2025,UT Martin,W Illinois,Home,-7.5,132.5,-329,81-70,11,3.5,151,18.5
2/8/2025,Chattanooga,Furman,Home,-5,146.5,-218,85-72,13,8,157,10.5
2/8/2025,Tenn Tech,E Illinois,Home,-4.5,139,-205,59-54,5,0.5,113,-26
2/8/2025,Liberty,Sam Houston,Home,-10.5,142.5,-606,64-61,3,-7.5,125,-17.5
2/8/2025,NC Greensboro,W Carolina,Home,-12.5,141.5,-1000,74-70,4,-8.5,144,2.5
2/8/2025,E Kentucky,Stetson,Away,-8.5,154,-388,83-58,25,16.5,141,-13
2/8/2025,Auburn,Florida,Home,-11,156,-600,81-90,-9,-20,171,15
2/8/2025,UNLV,Wyoming,Away,-2.5,132,-142,68-57,11,8.5,125,-7
2/8/2025,UCLA,Penn St,Home,-10.5,139,-600,78-54,24,13.5,132,-7
2/8/2025,Houston,Colorado,Away,-14,128,-1400,69-59,10,-4,128,0
2/8/2025,George Mason,Rhode Island,Home,-8.5,139,-415,82-67,15,6.5,149,10
2/8/2025,Missouri,Texas A&M,Home,-4,147,-185,64-67,-3,-7,131,-16
2/8/2025,Little Rock,Morehead St,Away,-2,128.5,-130,76-62,14,12,138,9.5
2/8/2025,Syracuse,Boston College,Home,-7,145.5,-306,95-86,9,2,181,35.5
2/8/2025,Butler,Providence,Home,-4.5,144.5,-195,82-81,1,-3.5,163,18.5
2/8/2025,Longwood,Radford,Home,-3.5,141.5,-169,69-71,-2,-5.5,140,-1.5
2/8/2025,Creighton,Marquette,Home,-3.5,148,-175,77-67,10,6.5,144,-4
2/8/2025,N Kentucky,Robert Morris,Home,-1.5,140,-125,76-81,-5,-6.5,157,17
2/8/2025,Quinnipiac,Niagara,Home,-11,142.5,-675,75-76,-1,-12,151,8.5
2/8/2025,Louisiana Tech,Florida Intl,Away,-3.5,137,-159,82-71,11,7.5,153,16
2/8/2025,Winthrop,SC Upstate,Away,-9,164,-470,105-95,10,1,200,36
2/8/2025,Gardner-Webb,Charleston So,Home,-7,151,-300,72-79,-7,-14,151,0
2/8/2025,Manhattan,Saint Peter's,Home,-4.5,135.5,-194,84-83,1,-3.5,167,31.5
2/8/2025,N Alabama,W Georgia,Away,-10.5,148.5,-550,78-61,17,6.5,139,-9.5
2/8/2025,Yale,Cornell,Away,-3.5,158.5,-170,103-88,15,11.5,191,32.5
2/8/2025,Bryant,Binghamton,Away,-8,149.5,-382,78-71,7,-1,149,-0.5
2/8/2025,Dartmouth,Harvard,Home,-2,147.5,-136,76-56,20,18,132,-15.5
2/8/2025,Maine,UMBC,Home,-7,147.5,-293,73-50,23,16,123,-24.5
2/8/2025,Columbia,Brown,Home,-2.5,151,-148,74-72,2,-0.5,146,-5
2/8/2025,Baylor,UCF,Home,-10.5,157.5,-625,91-76,15,4.5,167,9.5
2/8/2025,Louisville,Miami,Home,-17.5,153.5,-2100,88-78,10,-7.5,166,12.5
2/8/2025,Kansas,Kansas St,Away,-3.5,140.5,-174,73-81,-8,-11.5,154,13.5
2/8/2025,Vanderbilt,Texas,Home,-3,149,-162,86-78,8,5,164,15
2/8/2025,VMI,The Citadel,Home,-9.5,137,-500,82-70,12,2.5,152,15
2/8/2025,Lipscomb,Queens,Away,-3.5,148.5,-155,94-81,13,9.5,175,26.5
2/8/2025,Youngstown St,Detroit Mercy,Away,-7.5,142,-359,87-72,15,7.5,159,17
2/8/2025,Notre Dame,Virginia Tech,Home,-7.5,135,-345,63-65,-2,-9.5,128,-7
2/8/2025,Iowa St,TCU,Home,-16.5,135,-1800,82-52,30,13.5,134,-1
2/8/2025,Lafayette,Navy,Home,-2,138,-125,61-51,10,8,112,-26
2/8/2025,Wisconsin,Iowa,Away,-5.5,163,-250,74-63,11,5.5,137,-26
2/8/2025,Michigan,Indiana,Away,-3.5,154.5,-175,70-67,3,-0.5,137,-17.5
2/8/2025,NJIT,New Hampshire,Away,-2,134.5,-132,69-80,-11,-13,149,14.5
2/8/2025,F Dickinson,Wagner,Home,-4,129.5,-191,69-58,11,7,127,-2.5
2/8/2025,Hou Christian,New Orleans,Home,-10.5,145.5,-585,81-68,13,2.5,149,3.5
2/8/2025,Incarnate Word,SE Louisiana,Home,-3,142,-158,66-71,-5,-8,137,-5
2/8/2025,Portland St,E Washington,Away,-3,145.5,-148,67-72,-5,-8,139,-6.5
2/8/2025,Hofstra,Stony Brook,Home,-12.5,130,-1000,75-80,-5,-17.5,155,25
2/8/2025,Towson,Monmouth,Away,-3.5,135,-161,73-67,6,2.5,140,5
2/8/2025,Tennessee St,Lindenwood,Home,-7,149,-320,84-76,8,1,160,11
2/8/2025,UC Riverside,CS Bakersfield,Home,-7,145,-330,69-64,5,-2,133,-12
2/8/2025,UCSB,Hawai'i,Home,-5.5,137,-245,76-72,4,-1.5,148,11
2/8/2025,Charleston,Elon,Home,-3.5,148.5,-165,88-83,5,1.5,171,22.5
2/8/2025,NC Wilmington,Drexel,Away,-2.5,134.5,-142,81-79,2,-0.5,160,25.5
2/8/2025,Northeastern,Hampton,Home,-6.5,139.5,-269,75-84,-9,-15.5,159,19.5
2/8/2025,Merrimack,Canisius,Home,-13,131.5,-1100,69-51,18,5,120,-11.5
2/8/2025,Tennessee,Oklahoma,Away,-5.5,141,-226,70-52,18,12.5,122,-19
2/8/2025,Utah Valley,Tarleton St,Home,-14,131.5,-1200,81-56,25,11,137,5.5
2/8/2025,Gonzaga,Pacific,Away,-25,150.5,-8000,78-61,17,-8,139,-11.5
2/8/2025,San Francisco,Loyola Mymt,Away,-3,138,-155,72-66,6,3,138,0
2/8/2025,Seattle,UT Arlington,Home,-9.5,143.5,-436,67-65,2,-7.5,132,-11.5
2/8/2025,N Dakota St,Omaha,Away,-1.5,149,-125,74-85,-11,-12.5,159,10
2/8/2025,Grand Canyon,Cal Baptist,Away,-6,144.5,-250,71-85,-14,-20,156,11.5
2/8/2025,St Thomas,Denver,Away,-10,149,-525,79-76,3,-7,155,6
2/8/2025,Austin Peay,C Arkansas,Home,-9.5,136,-469,90-67,23,13.5,157,21
2/8/2025,Kentucky,South Carolina,Home,-11,151,-650,80-57,23,12,137,-14
2/8/2025,Idaho,Sacramento St,Home,-7.5,140.5,-350,78-76,2,-5.5,154,13.5
2/8/2025,Lamar,UT Rio Grande,Home,-4.5,147,-196,70-68,2,-2.5,138,-9
2/8/2025,N Colorado,Montana St,Home,-5.5,149.5,-265,73-66,7,1.5,139,-10.5
2/8/2025,Idaho St,Weber St,Away,-1.5,139,-125,72-67,5,3.5,139,0
2/8/2025,Georgetown,Seton Hall,Home,-10.5,131,-650,60-46,14,3.5,106,-25
2/8/2025,Alcorn St,AR-Pine Bluff,Home,-7.5,148,-360,79-60,19,11.5,139,-9
2/8/2025,Michigan St,Oregon,Home,-8.5,147.5,-422,86-74,12,3.5,160,12.5
2/8/2025,Colgate,Loyola MD,Home,-7,143,-316,82-68,14,7,150,7
2/8/2025,Lehigh,American,Home,-2.5,133,-148,75-78,-3,-5.5,153,20
2/8/2025,Boston U,Holy Cross,Away,-2.5,129.5,-135,52-72,-20,-22.5,124,-5.5
2/8/2025,LIU,Stonehill,Home,-3,130.5,-162,62-59,3,0,121,-9.5
2/8/2025,Jackson St,Miss Valley St,Home,-19.5,135,-4500,92-44,48,28.5,136,1
2/8/2025,New Mexico,Air Force,Away,-15,145,-1600,88-53,35,20,141,-4
2/8/2025,Colorado St,San Diego St,Home,-3,134.5,-155,68-63,5,2,131,-3.5
2/7/2025,Utah St,Fresno St,Away,-13,154,-950,89-81,8,-5,170,16
2/8/2025,Bradley,Evansville,Away,-5.5,138.5,-227,80-74,6,0.5,154,15.5
2/8/2025,N Iowa,Illinois St,Home,-5.5,138.5,-239,68-65,3,-2.5,133,-5.5
2/8/2025,Murray St,Valparaiso,Away,-2,143,-136,74-56,18,16,130,-13
2/8/2025,Nicholls,E Texas A&M,Home,-9.5,139.5,-585,81-65,16,6.5,146,6.5
2/8/2025,North Carolina,Pittsburgh,Home,-5.5,150,-238,67-66,1,-4.5,133,-17
2/8/2025,N Texas,Tulane,Home,-10,124.5,-500,76-66,10,0,142,17.5
2/8/2025,Florida Atlantic,Tulsa,Away,-5.5,150.5,-240,79-55,24,18.5,134,-16.5
2/8/2025,Davidson,Richmond,Home,-9.5,133.5,-500,71-60,11,1.5,131,-2.5
2/8/2025,Texas So,Florida A&M,Home,-8,143.5,-380,64-66,-2,-10,130,-13.5
2/8/2025,Drake,Indiana St,Home,-12.5,134.5,-1000,85-81,4,-8.5,166,31.5
2/8/2025,Alabama St,Grambling,Home,-4.5,134.5,-205,67-77,-10,-14.5,144,9.5
2/7/2025,Boise St,San Jose St,Home,-13.5,141.5,-1350,79-52,27,13.5,131,-10.5
2/7/2025,Saint Joseph's,Saint Louis,Home,-6.5,145,-275,76-63,13,6.5,139,-6
2/7/2025,UConn,St John's,Home,-4,143.5,-192,62-68,-6,-10,130,-13.5
2/7/2025,Princeton,Penn,Away,-8,146.5,-370,61-59,2,-6,120,-26.5
2/7/2025,Purdue,USC,Home,-13,145.5,-1050,90-72,18,5,162,16.5
2/6/2025,Oregon St,Washington St,Home,-6,146,-263,82-74,8,2,156,10
2/6/2025,UC Davis,Long Beach St,Away,-3,131,-150,73-65,8,5,138,7
2/6/2025,CS Northridge,CS Fullerton,Home,-16,153,-1800,82-63,19,3,145,-8
2/6/2025,UCSD,UC Riverside,Home,-11.5,140,-750,91-71,20,8.5,162,22
2/6/2025,UCSB,CS Bakersfield,Away,-3,142.5,-163,81-75,6,3,156,13.5
2/6/2025,Saint Mary's,San Francisco,Away,-5,132.5,-210,64-65,-1,-6,129,-3.5
2/6/2025,Utah Tech,Abl Christian,Home,-2,139,-135,72-86,-14,-16,158,19
2/6/2025,UT Martin,Lindenwood,Home,-6,144,-285,51-52,-1,-7,103,-41
2/6/2025,Little Rock,S Indiana,Away,-3.5,136,-170,74-56,18,14.5,130,-6
2/6/2025,N Colorado,Montana,Home,-6,153.5,-258,78-86,-8,-14,164,10.5
2/6/2025,Liberty,Louisiana Tech,Home,-7.5,134.5,-319,77-53,24,16.5,130,-4.5
2/6/2025,N Florida,Bellarmine,Home,-10.5,163.5,-655,95-88,7,-3.5,183,19.5
2/6/2025,Omaha,North Dakota,Home,-5.5,158,-238,80-77,3,-2.5,157,-1
2/6/2025,Morehead St,SE Missouri St,Home,-2.5,134,-137,51-80,-29,-31.5,131,-3
2/6/2025,Quinnipiac,Canisius,Home,-16.5,147.5,-2100,89-71,18,1.5,160,12.5
2/6/2025,Kennesaw St,W Kentucky,Home,-3,157.5,-162,76-69,7,4,145,-12.5
2/6/2025,Jacksonville St,Middle Tenn,Home,-1.5,141.5,-130,77-63,14,12.5,140,-1.5
2/6/2025,FGCU,E Kentucky,Home,-6,149,-268,74-92,-18,-24,166,17
2/6/2025,Sacred Heart,Rider,Home,-5.5,147.5,-250,89-77,12,6.5,166,18.5
2/6/2025,Marist,Fairfield,Away,-6,133,-245,56-59,-3,-9,115,-18
2/6/2025,Oakland,Youngstown St,Home,-5,138,-205,75-84,-9,-14,159,21
2/6/2025,Jacksonville,Stetson,Away,-8.5,145,-410,74-65,9,0.5,139,-6
2/6/2025,S Florida,Temple,Home,-3,151.5,-170,100-91,9,6,191,39.5
2/6/2025,UMBC,New Hampshire,Away,-8.5,152,-382,78-79,-1,-9.5,157,5
2/6/2025,NC Wilmington,Delaware,Away,-6.5,152.5,-296,77-67,10,3.5,144,-8.5
2/6/2025,UMass Lowell,Binghamton,Away,-4,147.5,-198,54-66,-12,-16,120,-27.5
2/6/2025,Maine,NJIT,Home,-13,128.5,-993,78-74,4,-9,152,23.5
2/6/2025,Towson,Stony Brook,Away,-8,129.5,-400,66-59,7,-1,125,-4.5
2/6/2025,Hofstra,Northeastern,Home,-4,131.5,-165,68-77,-9,-13,145,13.5
2/6/2025,Drexel,William & Mary,Home,-3,146,-165,86-66,20,17,152,6
2/6/2025,Monmouth,Hampton,Home,-3,142,-150,68-63,5,2,131,-11
2/6/2025,Charleston,NC A&T,Home,-17.5,150.5,-2100,66-63,3,-14.5,129,-21.5
2/6/2025,E Washington,Sacramento St,Home,-7,136.5,-310,83-80,3,-4,163,26.5
2/6/2025,Tennessee St,W Illinois,Home,-8.5,140,-440,87-69,18,9.5,156,16
2/6/2025,Siena,Saint Peter's,Home,-5.5,128.5,-244,77-63,14,8.5,140,11.5
2/6/2025,Merrimack,Niagara,Home,-8,126,-372,64-59,5,-3,123,-3
2/6/2025,Cal Baptist,S Utah,Home,-13,143.5,-1000,57-60,-3,-16,117,-26.5
2/6/2025,Utah Valley,UT Arlington,Home,-9,143,-410,94-73,21,12,167,24
2/6/2025,Seattle,Tarleton St,Home,-9.5,129,-500,91-54,37,27.5,145,16
2/6/2025,South Dakota,Denver,Away,-1.5,164,-125,86-79,7,5.5,165,1
2/6/2025,S Dakota St,St Thomas,Home,-4,153,-185,102-86,16,12,188,35
2/6/2025,N Dakota St,Kansas City,Away,-2,140,-129,78-72,6,4,150,10
2/6/2025,Gonzaga,Loyola Mymt,Home,-23,154.5,-4500,73-53,20,-3,126,-28.5
2/6/2025,Santa Clara,Portland,Away,-14,154,-1300,97-50,47,33,147,-7
2/6/2025,Pacific,San Diego,Home,-3.5,146,-165,71-69,2,-1.5,140,-6
2/6/2025,Bryant,Albany,Home,-11,159,-725,63-68,-5,-16,131,-28
2/6/2025,C Connecticut,F Dickinson,Home,-10,139,-631,87-66,21,11,153,14
2/6/2025,St Francis PA,Le Moyne,Home,-2,144.5,-140,86-78,8,6,164,19.5
2/5/2025,Stanford,Wake Forest,Home,-2,138.5,-142,73-79,-6,-8,152,13.5
2/5/2025,California,NC State,Home,-2.5,139.5,-148,74-62,12,9.5,136,-3.5
2/5/2025,Nebraska,Washington,Away,-2,142,-142,86-72,14,12,158,16
2/5/2025,New Mexico,Colorado St,Home,-8,150,-395,87-65,22,14,152,2
2/5/2025,Texas,Arkansas,Home,-7,143.5,-300,70-78,-8,-15,148,4.5
2/5/2025,Georgia,LSU,Home,-8,142.5,-395,81-62,19,11,143,0.5
2/5/2025,Bradley,Belmont,Home,-8,157.5,-360,77-80,-3,-11,157,-0.5
2/5/2025,Villanova,DePaul,Away,-6.5,142,-277,59-49,10,3.5,108,-34
2/5/2025,Utah,Colorado,Home,-6.5,142,-278,72-59,13,6.5,131,-11
2/5/2025,SMU,Virginia Tech,Away,-5.5,146,-252,81-75,6,0.5,156,10
2/5/2025,Creighton,Providence,Away,-3.5,142,-169,80-69,11,7.5,149,7
2/5/2025,Illinois,Rutgers,Away,-6.5,158,-250,73-82,-9,-15.5,155,-3
2/5/2025,Illinois Chicago,Illinois St,Home,-3.5,148.5,-158,79-81,-2,-5.5,160,11.5
2/5/2025,Samford,Mercer,Home,-10.5,158,-650,100-79,21,10.5,179,21
2/5/2025,Queens,C Arkansas,Away,-8,145,-409,63-47,16,8,110,-35
2/5/2025,Robert Morris,Detroit Mercy,Home,-12.5,139.5,-1000,71-56,15,2.5,127,-12.5
2/5/2025,N Kentucky,Cleveland St,Home,-1.5,132,-130,85-75,10,8.5,160,28
2/5/2025,Arkansas St,Marshall,Away,-2.5,153.5,-145,72-77,-5,-7.5,149,-4.5
2/5/2025,Purdue FW,Wright St,Home,-5,158.5,-238,87-64,23,18,151,-7.5
2/5/2025,Furman,W Carolina,Home,-15.5,144.5,-1500,84-75,9,-6.5,159,14.5
2/5/2025,Lafayette,Loyola MD,Home,-4.5,140,-170,58-71,-13,-17.5,129,-11
2/5/2025,Tennessee,Missouri,Home,-9,135,-455,85-81,4,-5,166,31
2/5/2025,E Carolina,Rice,Home,-7.5,138.5,-325,60-73,-13,-20.5,133,-5.5
2/5/2025,UCF,Cincinnati,Home,-3.5,146.5,-165,83-93,-10,-13.5,176,29.5
2/5/2025,Duke,Syracuse,Away,-17.5,143.5,-2800,83-54,29,11.5,137,-6.5
2/5/2025,Louisville,Boston College,Away,-13.5,147.5,-1200,84-58,26,12.5,142,-5.5
2/5/2025,Duquesne,Richmond,Away,-2.5,128,-145,68-73,-5,-7.5,141,13
2/5/2025,Rhode Island,Fordham,Away,-1.5,154.5,-127,79-80,-1,-2.5,159,4.5
2/5/2025,George Mason,G Washington,Away,-1.5,133,-125,53-50,3,1.5,103,-30
2/5/2025,Lipscomb,W Georgia,Away,-12,146,-962,76-67,9,-3,143,-3
2/5/2025,Winthrop,Charleston So,Away,-3.5,158,-150,83-65,18,14.5,148,-10
2/5/2025,High Point,Radford,Away,-6,144,-262,78-75,3,-3,153,9
2/5/2025,Presbyterian,SC Upstate,Home,-7.5,148.5,-325,75-64,11,3.5,139,-9.5
2/5/2025,Butler,Seton Hall,Away,-5,135,-219,84-54,30,25,138,3
2/5/2025,Milwaukee,IU Indy,Away,-8.5,151,-455,84-80,4,-4.5,164,13
2/5/2025,App State,Southern Miss,Home,-8,136,-400,60-58,2,-6,118,-18
2/5/2025,Michigan,Oregon,Home,-7.5,152.5,-345,80-76,4,-3.5,156,3.5
2/6/2025,NC Asheville,Gardner-Webb,Home,-6.5,157.5,-268,78-70,8,1.5,148,-9.5
2/5/2025,E Tennessee St,VMI,Away,-6,141.5,-265,62-55,7,1,117,-24.5
2/5/2025,N Alabama,Austin Peay,Away,-5.5,145,-245,74-64,10,4.5,138,-7
2/5/2025,J Madison,Troy,Home,-2,135.5,-135,64-61,3,1,125,-10.5
2/5/2025,Texas St,Old Dominion,Away,-2.5,141,-149,64-75,-11,-13.5,139,-2
2/5/2025,Georgia So,Louisiana,Home,-7,145.5,-300,83-82,1,-6,165,19.5
2/5/2025,Georgia St,UL Monroe,Home,-7,149.5,-317,97-64,33,26,161,11.5
2/5/2025,S Alabama,Coastal Car,Away,-7.5,126,-323,84-59,25,17.5,143,17
2/5/2025,NC Greensboro,The Citadel,Away,-13,132,-1000,76-61,15,2,137,5
2/5/2025,Bucknell,American,Home,-4.5,136.5,-206,71-49,22,17.5,120,-16.5
2/5/2025,Army,Holy Cross,Home,-4.5,143.5,-196,68-65,3,-1.5,133,-10.5
2/5/2025,N Iowa,Missouri St,Away,-4.5,133,-192,66-61,5,0.5,127,-6
2/5/2025,Indiana St,Valparaiso,Home,-4.5,162,-205,80-62,18,13.5,142,-20
2/5/2025,Memphis,Tulsa,Home,-16,147.5,-1800,83-71,12,-4,154,6.5
2/5/2025,Tulane,UTSA,Away,-2,147,-130,61-60,1,-1,121,-26
2/4/2025,Boise St,UNLV,Away,-3,140.5,-156,71-62,9,6,133,-7.5
2/4/2025,BYU,Arizona,Home,-3,153.5,-165,74-85,-11,-14,159,5.5
2/4/2025,UCLA,Michigan St,Home,-2,140.5,-136,63-61,2,0,124,-16.5
2/4/2025,Arizona St,Kansas St,Home,-3.5,140,-170,70-71,-1,-4.5,141,1
2/4/2025,Northwestern,USC,Home,-3.5,138,-175,77-75,2,-1.5,152,14
2/4/2025,Wisconsin,Indiana,Home,-8.5,152,-453,76-64,12,3.5,140,-12
2/4/2025,Auburn,Oklahoma,Home,-17,153,-2200,98-70,28,11,168,15
2/4/2025,Loyola Chi,St Bonaventure,Home,-3.5,133.5,-165,77-53,24,20.5,130,-3.5
2/4/2025,Texas Tech,Baylor,Home,-7.5,143,-350,73-59,14,6.5,132,-11
2/4/2025,Clemson,Georgia Tech,Home,-12,140,-900,86-89,-3,-15,175,35
2/4/2025,SIU Edward,E Illinois,Home,-6.5,132,-305,66-41,25,18.5,107,-25
2/4/2025,Xavier,Georgetown,Home,-8.5,140.5,-392,74-69,5,-3.5,143,2.5
2/4/2025,Utah St,Wyoming,Away,-9.5,138.5,-434,71-67,4,-5.5,138,-0.5
2/4/2025,Drake,Murray St,Away,-4.5,123,-198,55-45,10,5.5,100,-23
2/4/2025,Houston,Oklahoma St,Home,-21,130,-8000,72-63,9,-12,135,5
2/4/2025,Mississippi,Kentucky,Home,-5.5,158.5,-225,98-84,14,8.5,182,23.5
2/4/2025,Florida,Vanderbilt,Home,-10,155,-600,86-75,11,1,161,6
2/4/2025,Purdue,Iowa,Away,-6.5,156,-298,90-81,9,2.5,171,15
2/4/2025,Penn St,Minnesota,Home,-6.5,140.5,-291,61-69,-8,-14.5,130,-10.5
2/4/2025,VCU,La Salle,Home,-19.5,144,-2800,96-66,30,10.5,162,18
2/4/2025,Wichita St,Charlotte,Away,-2,143.5,-130,66-58,8,6,124,-19.5
2/4/2025,Florida St,Notre Dame,Home,-3,141.5,-155,67-60,7,4,127,-14.5
2/4/2025,St John's,Marquette,Home,-2.5,147,-145,70-64,6,3.5,134,-13
2/4/2025,Akron,Ball St,Home,-13,155.5,-1050,81-73,8,-5,154,-1.5
2/4/2025,Toledo,Buffalo,Home,-12.5,163.5,-950,87-74,13,0.5,161,-2.5
2/4/2025,Kent St,E Michigan,Away,-8.5,142,-380,70-49,21,12.5,119,-23
2/4/2025,C Michigan,Miami OH,Home,-1.5,144.5,-128,70-76,-6,-7.5,146,1.5
2/4/2025,Bowling Green,N Illinois,Home,-6.5,146,-285,84-77,7,0.5,161,15
2/4/2025,Ohio,W Michigan,Home,-10.5,153,-600,94-69,25,14.5,163,10
2/4/2025,Nevada,Air Force,Away,-10,130.5,-550,74-60,14,4,134,3.5
2/4/2025,San Jose St,Fresno St,Away,-3,147.5,-153,94-91,3,0,185,37.5
2/4/2025,Dayton,Davidson,Home,-9.5,140.5,-495,69-63,6,-3.5,132,-8.5
2/3/2025,Grambling,Alcorn St,Home,-5,130,-225,53-60,-7,-12,113,-17
2/3/2025,Kansas,Iowa St,Home,-3,146.5,-166,69-52,17,14,121,-25.5
2/3/2025,UAB,N Texas,Home,-2.5,135.5,-156,64-61,3,0.5,125,-10.5
2/3/2025,Maryland ES,Coppin St,Home,-4,140.5,-175,57-62,-5,-9,119,-21.5
2/3/2025,Texas A&M-CC,E Texas A&M,Away,-7.5,141.5,-330,78-66,12,4.5,144,2.5
2/3/2025,Delaware St,Morgan St,Home,-5.5,157.5,-241,84-82,2,-3.5,166,8.5
2/3/2025,Norfolk St,NC Central,Home,-9,146,-485,81-78,3,-6,159,13
2/3/2025,McNeese,Incarnate Word,Home,-16,141,-1650,67-65,2,-14,132,-9
2/3/2025,Pittsburgh,Virginia,Home,-13,130.5,-1000,57-73,-16,-29,130,-0.5
2/3/2025,SE Louisiana,Lamar,Home,-2,134,-129,81-79,2,0,160,26
2/3/2025,Nicholls,Hou Christian,Home,-7.5,141.5,-350,75-67,8,0.5,142,0.5
2/3/2025,SF Austin,New Orleans,Away,-8.5,138,-365,88-85,3,-5.5,173,35
2/3/2025,Bethune,Alabama A&M,Home,-7.5,146.5,-382,89-75,14,6.5,164,17.5
2/3/2025,Colgate,Lehigh,Away,-3,141,-160,68-94,-26,-29,162,21
2/3/2025,Alabama St,Florida A&M,Away,-2,144,-125,67-66,1,-1,133,-11
2/3/2025,Southern,Jackson St,Home,-7.5,138.5,-354,91-89,2,-5.5,180,41.5
2/2/2025,Oregon,Nebraska,Home,-6.5,147.5,-305,71-77,-6,-12.5,148,0.5
2/2/2025,DePaul,Seton Hall,Home,-5,135.5,-220,74-57,17,12,131,-4.5
2/2/2025,Merrimack,Rider,Away,-4.5,129,-205,66-64,2,-2.5,130,1
2/2/2025,TCU,Colorado,Home,-6,138.5,-278,68-57,11,5,125,-13.5
2/2/2025,Belmont,Evansville,Home,-10.5,151.5,-600,75-80,-5,-15.5,155,3.5
2/2/2025,Milwaukee,Purdue FW,Home,-4.5,158,-198,79-81,-2,-6.5,160,2
2/2/2025,Sacred Heart,Manhattan,Home,-4.5,152.5,-205,74-72,2,-2.5,146,-6.5
2/2/2025,Wright St,Robert Morris,Home,-2.5,153.5,-147,66-64,2,-0.5,130,-23.5
2/2/2025,Cincinnati,West Virginia,Home,-6,127.5,-247,50-63,-13,-19,113,-14.5
2/2/2025,Florida Atlantic,S Florida,Home,-7,152.5,-345,94-72,22,15,166,13.5
2/2/2025,Iona,Fairfield,Home,-5,142.5,-230,87-64,23,18,151,8.5
2/2/2025,Illinois,Ohio St,Home,-6.5,156.5,-305,87-79,8,1.5,166,9.5
2/2/2025,N Iowa,Bradley,Home,-1.5,140,-130,83-69,14,12.5,152,12
2/2/2025,Quinnipiac,Siena,Away,-5,143,-216,75-84,-9,-14,159,16
2/2/2025,Saint Peter's,Mt St Mary's,Home,-4,127.5,-172,64-79,-15,-19,143,15.5
2/2/2025,Memphis,Rice,Away,-9.5,146.5,-500,86-83,3,-6.5,169,22.5
2/2/2025,Tulane,Tulsa,Home,-9.5,142,-520,59-56,3,-6.5,115,-27
2/1/2025,Hawai'i,CS Fullerton,Home,-12,142,-700,82-57,25,13,139,-3
2/1/2025,Gonzaga,Saint Mary's,Away,-2.5,146.5,-147,58-62,-4,-6.5,120,-26.5
2/1/2025,San Francisco,Washington St,Home,-3.5,151,-169,75-51,24,20.5,126,-25
2/1/2025,California,Syracuse,Home,-5,149,-218,66-75,-9,-14,141,-8
2/1/2025,Nevada,UNLV,Home,-5,133,-218,71-65,6,1,136,3
2/1/2025,Utah St,New Mexico,Home,-3.5,158,-170,63-82,-19,-22.5,145,-13
2/1/2025,Kentucky,Arkansas,Home,-8.5,156,-442,79-89,-10,-18.5,168,12
2/1/2025,N Alabama,C Arkansas,Home,-15.5,144.5,-1450,94-65,29,13.5,159,14.5
2/1/2025,Texas A&M,South Carolina,Away,-5.5,134.5,-231,76-72,4,-1.5,148,13.5
2/1/2025,Marquette,UConn,Home,-6.5,142.5,-285,69-77,-8,-14.5,146,3.5
2/1/2025,CS Northridge,CS Bakersfield,Home,-10,151.5,-496,88-62,26,16,150,-1.5
2/1/2025,Notre Dame,Miami,Away,-7.5,147.5,-344,57-63,-6,-13.5,120,-27.5
2/1/2025,Santa Clara,Pacific,Home,-16.5,148.5,-2000,83-49,34,17.5,132,-16.5
2/1/2025,NC Wilmington,Stony Brook,Home,-17.5,139,-2100,80-70,10,-7.5,150,11
2/1/2025,Duke,North Carolina,Home,-13.5,148,-1050,87-70,17,3.5,157,9
2/1/2025,Jacksonville,N Florida,Home,-7.5,159.5,-325,78-81,-3,-10.5,159,-0.5
2/1/2025,Texas,LSU,Away,-1.5,145,-125,89-58,31,29.5,147,2
2/1/2025,SMU,Stanford,Home,-7.5,149.5,-328,85-61,24,16.5,146,-3.5
2/1/2025,Houston,Texas Tech,Home,-9.5,127.5,-550,81-82,-1,-10.5,163,35.5
2/1/2025,Princeton,Brown,Home,-7,144.5,-310,69-49,20,13,118,-26.5
2/1/2025,Cornell,Harvard,Home,-9,153.5,-475,75-60,15,6,135,-18.5
2/1/2025,Texas A&M-CC,UT Rio Grande,Away,-2,153,-134,73-83,-10,-12,156,3
2/1/2025,Texas So,Prairie View,Home,-9.5,152.5,-470,79-63,16,6.5,142,-10.5
2/1/2025,Kennesaw St,Florida Intl,Home,-8,152.5,-374,73-67,6,-2,140,-12.5
2/1/2025,Liberty,Jacksonville St,Away,-3.5,136.5,-166,61-72,-11,-14.5,133,-3.5
2/1/2025,Lipscomb,Bellarmine,Home,-18.5,144.5,-2400,87-80,7,-11.5,167,22.5
2/1/2025,SE Missouri St,Tennessee St,Home,-5,150,-205,89-87,2,-3,176,26
2/1/2025,SIU Edward,W Illinois,Away,-4,129.5,-192,69-65,4,0,134,4.5
2/1/2025,Lindenwood,E Illinois,Home,-2.5,134.5,-148,70-76,-6,-8.5,146,11.5
2/1/2025,S Indiana,Tenn Tech,Home,-2,147,-130,65-78,-13,-15,143,-4
2/1/2025,Michigan St,USC,Away,-4,150.5,-198,64-70,-6,-10,134,-16.5
2/1/2025,Delaware St,Coppin St,Away,-6.5,142,-294,84-61,23,16.5,145,3
2/1/2025,N Colorado,N Arizona,Home,-7.5,152,-340,87-69,18,10.5,156,4
2/1/2025,Marshall,Coastal Car,Home,-11.5,142,-750,67-62,5,-6.5,129,-13
2/1/2025,Little Rock,UT Martin,Home,-3.5,138,-185,75-57,18,14.5,132,-6
2/1/2025,Louisiana Tech,Sam Houston,Home,-7,143,-325,66-61,5,-2,127,-16
2/1/2025,Alabama,Georgia,Home,-12.5,162,-902,90-69,21,8.5,159,-3
2/1/2025,NC Greensboro,Wofford,Home,-2.5,135.5,-140,62-74,-12,-14.5,136,0.5
2/1/2025,Oakland,N Kentucky,Home,-6,129,-260,75-84,-9,-15,159,30
2/1/2025,E Kentucky,Austin Peay,Home,-7.5,145.5,-381,88-82,6,-1.5,170,24.5
2/1/2025,Auburn,Mississippi,Away,-5.5,148.5,-250,92-82,10,4.5,174,25.5
2/1/2025,Morgan St,Maryland ES,Home,-9,155,-421,76-63,13,4,139,-16
2/1/2025,Norfolk St,S Carolina St,Home,-8,146,-381,67-65,2,-6,132,-14
2/1/2025,Baylor,Kansas,Home,-2,140.5,-135,81-70,11,9,151,10.5
2/1/2025,VCU,Richmond,Home,-19.5,134,-4000,90-49,41,21.5,139,5
2/1/2025,Virginia,Virginia Tech,Home,-4,124.5,-185,74-75,-1,-5,149,24.5
2/1/2025,Louisville,Georgia Tech,Away,-9.5,149.5,-466,70-77,-7,-16.5,147,-2.5
2/1/2025,Oklahoma,Vanderbilt,Home,-3,151.5,-165,97-67,30,27,164,12.5
2/1/2025,Michigan,Rutgers,Away,-6.5,155.5,-285,66-63,3,-3.5,129,-26.5
2/1/2025,SE Louisiana,New Orleans,Home,-12,144.5,-905,76-68,8,-4,144,-0.5
2/1/2025,F Dickinson,Mercyhurst,Home,-5,139.5,-218,60-67,-7,-12,127,-12.5
2/1/2025,NW State,E Texas A&M,Away,-3.5,132.5,-175,50-72,-22,-25.5,122,-10.5
2/1/2025,SF Austin,Lamar,Home,-3,130,-166,62-67,-5,-8,129,-1
2/1/2025,W Kentucky,New Mexico St,Home,-3,141.5,-153,101-69,32,29,170,28.5
2/1/2025,Middle Tenn,UTEP,Home,-4.5,143.5,-190,71-68,3,-1.5,139,-4.5
2/1/2025,UT Arlington,Utah Tech,Home,-9.5,146.5,-506,73-71,2,-7.5,144,-2.5
2/1/2025,Murray St,Missouri St,Away,-3,132,-155,56-77,-21,-24,133,1
2/1/2025,Illinois Chicago,Indiana St,Home,-8,162.5,-355,83-88,-5,-13,171,8.5
2/1/2025,G Washington,La Salle,Away,-2.5,146.5,-139,67-73,-6,-8.5,140,-6.5
2/1/2025,S Dakota St,North Dakota,Away,-6.5,160,-296,75-80,-5,-11.5,155,-5
2/1/2025,Chattanooga,Mercer,Home,-7.5,154,-340,93-84,9,1.5,177,23
2/1/2025,Youngstown St,IU Indy,Home,-10,144.5,-606,79-84,-5,-15,163,18.5
2/1/2025,Longwood,Charleston So,Away,-4.5,147,-195,85-89,-4,-8.5,174,27
2/1/2025,Winthrop,Gardner-Webb,Home,-6,159.5,-249,96-93,3,-3,189,29.5
2/1/2025,High Point,Presbyterian,Away,-9.5,146.5,-506,84-72,12,2.5,156,9.5
2/1/2025,Radford,SC Upstate,Home,-12.5,147,-950,79-69,10,-2.5,148,1
2/1/2025,Wisconsin,Northwestern,Away,-4.5,142.5,-188,75-69,6,1.5,144,1.5
2/1/2025,Colgate,Lafayette,Home,-9,139.5,-490,61-76,-15,-24,137,-2.5
2/1/2025,Navy,Bucknell,Home,-3,137.5,-161,75-85,-10,-13,160,22.5
2/1/2025,Vermont,Maine,Home,-2,126,-135,55-49,6,4,104,-22
2/1/2025,Duquesne,UMass,Home,-3,144.5,-164,53-62,-9,-12,115,-29.5
2/1/2025,Saint Joseph's,Loyola Chi,Away,-1.5,142.5,-130,55-58,-3,-4.5,113,-29.5
2/1/2025,Iowa St,Kansas St,Home,-14.5,143,-1350,61-80,-19,-33.5,141,-2
2/1/2025,Temple,E Carolina,Home,-3,145,-155,98-94,4,1,192,47
2/1/2025,UAB,Charlotte,Home,-12,150,-890,96-78,18,6,174,24
2/1/2025,Florida St,Boston College,Away,-6,145,-250,76-77,-1,-7,153,8
2/1/2025,Clemson,NC State,Away,-5,132.5,-227,68-58,10,5,126,-6.5
2/1/2025,Villanova,Creighton,Home,-2,143.5,-135,60-62,-2,-4,122,-21.5
2/1/2025,Samford,The Citadel,Away,-16,144,-1650,83-58,25,9,141,-3
2/1/2025,Queens,W Georgia,Home,-10.5,149.5,-684,87-68,19,8.5,155,5.5
2/1/2025,Detroit Mercy,Green Bay,Home,-3,138,-162,67-57,10,7,124,-14
2/1/2025,Hofstra,Campbell,Away,-2,128,-126,52-75,-23,-25,127,-1
2/1/2025,Mississippi St,Missouri,Home,-6.5,148.5,-278,61-88,-27,-33.5,149,0.5
2/1/2025,FGCU,Stetson,Home,-12.5,148,-1200,82-56,26,13.5,138,-10
2/1/2025,UMass Lowell,UMBC,Away,-2.5,165.5,-145,83-67,16,13.5,150,-15.5
2/1/2025,Wagner,Le Moyne,Home,-3,130.5,-155,73-61,12,9,134,3.5
2/1/2025,Arizona,Arizona St,Away,-6.5,147.5,-298,81-72,9,2.5,153,5.5
2/1/2025,St Bonaventure,Fordham,Home,-11,138.5,-650,74-72,2,-9,146,7.5
2/1/2025,UCSB,Long Beach St,Home,-8.5,137,-450,85-54,31,22.5,139,2
2/1/2025,Elon,Northeastern,Home,-3.5,139,-165,71-60,11,7.5,131,-8
2/1/2025,Monmouth,Delaware,Home,-2,152.5,-135,92-83,9,7,175,22.5
2/1/2025,UC Riverside,Cal Poly,Home,-7,159,-290,80-62,18,11,142,-17
2/1/2025,UC Irvine,UC Davis,Home,-13,133.5,-1000,73-66,7,-6,139,5.5
2/1/2025,Arkansas St,Texas St,Away,-5.5,149,-245,85-74,11,5.5,159,10
2/1/2025,Troy,UL Monroe,Home,-17,139,-2100,87-50,37,20,137,-2
2/1/2025,S Alabama,Louisiana,Away,-6.5,133,-290,62-58,4,-2.5,120,-13
2/1/2025,Southern Miss,Georgia So,Home,-2,152.5,-130,72-68,4,2,140,-12.5
2/1/2025,J Madison,Old Dominion,Home,-10,138.5,-575,68-54,14,4,122,-16.5
2/1/2025,Ball St,Buffalo,Away,-2.5,153.5,-142,89-76,13,10.5,165,11.5
2/1/2025,C Michigan,Bowling Green,Home,-6.5,142.5,-265,90-71,19,12.5,161,18.5
2/1/2025,W Michigan,E Michigan,Home,-2.5,150.5,-142,61-54,7,4.5,115,-35.5
2/1/2025,Toledo,N Illinois,Home,-13.5,154.5,-1300,89-85,4,-9.5,174,19.5
2/1/2025,Miami OH,Ohio,Home,-5.5,161,-246,73-69,4,-1.5,142,-19
2/1/2025,Omaha,Denver,Home,-9.5,146.5,-581,78-69,9,-0.5,147,0.5
2/1/2025,Kansas City,Oral Roberts,Away,-3,141.5,-155,67-73,-6,-9,140,-1.5
2/2/2025,St Thomas,N Dakota St,Home,-2.5,153,-150,79-62,17,14.5,141,-12
2/1/2025,Grand Canyon,Utah Valley,Home,-9.5,147,-550,75-57,18,8.5,132,-15
2/1/2025,Tarleton St,S Utah,Home,-6,130.5,-258,75-58,17,11,133,2.5
2/1/2025,Pepperdine,Portland,Home,-9,151.5,-440,64-84,-20,-29,148,-3.5
2/1/2025,Loyola Mymt,San Diego,Away,-7.5,143.5,-350,78-62,16,8.5,140,-3.5
2/2/2025,E Tennessee St,Furman,Home,-3,140,-158,72-69,3,0,141,1
2/1/2025,Incarnate Word,Hou Christian,Home,-3.5,141,-177,74-64,10,6.5,138,-3
2/1/2025,Weber St,E Washington,Home,-3.5,141.5,-177,49-72,-23,-26.5,121,-20.5
2/1/2025,McNeese,Nicholls,Away,-10,144,-568,63-71,-8,-18,134,-10
2/1/2025,Tennessee,Florida,Home,-3,144.5,-162,64-44,20,17,108,-36.5
2/1/2025,St John's,Providence,Home,-13,144,-1050,68-66,2,-11,134,-10
2/1/2025,Montana St,Portland St,Home,-3.5,140,-175,74-73,1,-2.5,147,7
2/1/2025,Idaho St,Idaho,Home,-5,142.5,-205,87-71,16,11,158,15.5
2/1/2025,Towson,Drexel,Home,-6,127,-278,55-54,1,-5,109,-18
2/8/2025,Howard,NC Central,Home,-1.5,155.5,-130,82-78,4,2.5,160,4.5
2/1/2025,Boise St,Fresno St,Home,-19.5,147.5,-3600,82-60,22,2.5,142,-5.5
2/1/2025,Wake Forest,Pittsburgh,Home,-3,138.5,-162,76-74,2,-1,150,11.5
2/1/2025,N Texas,UTSA,Home,-14.5,134,-1350,50-54,-4,-18.5,104,-30
2/1/2025,Montana,Sacramento St,Home,-11,139,-687,87-59,28,17,146,7
2/1/2025,Columbia,Dartmouth,Home,-3.5,156,-160,89-95,-6,-9.5,184,28
2/1/2025,C Connecticut,Stonehill,Away,-4.5,131,-225,71-63,8,3.5,134,3
2/1/2025,LIU,Chicago St,Away,-5,130.5,-218,67-73,-6,-11,140,9.5
2/1/2025,Florida A&M,Alabama A&M,Home,-3,145,-155,95-79,16,13,174,29
2/1/2025,Southern,Alcorn St,Home,-12.5,132.5,-922,74-69,5,-7.5,143,10.5
2/1/2025,Minnesota,Washington,Home,-3.5,134.5,-185,68-71,-3,-6.5,139,4.5
2/1/2025,App State,Georgia St,Home,-11.5,141,-722,80-76,4,-7.5,156,15
2/1/2025,Albany,Binghamton,Home,-6.5,143.5,-296,61-65,-4,-10.5,126,-17.5
2/1/2025,Bryant,NJIT,Away,-12.5,147.5,-961,92-70,22,9.5,162,14.5
2/1/2025,Yale,Penn,Away,-11.5,150,-750,90-61,29,17.5,151,1
2/1/2025,Holy Cross,Lehigh,Home,-2,139.5,-132,67-69,-2,-4,136,-3.5
2/1/2025,American,Army,Home,-4.5,137.5,-205,71-68,3,-1.5,139,1.5
2/1/2025,Grambling,Jackson St,Home,-1,135,-125,50-65,-15,-16,115,-20
2/1/2025,AR-Pine Bluff,Miss Valley St,Home,-13,144.5,-1000,76-79,-3,-16,155,10.5
2/1/2025,San Jose St,Air Force,Home,-9,136.5,-454,75-64,11,2,139,2.5
2/1/2025,San Diego St,Wyoming,Home,-14.5,128,-1350,63-61,2,-12.5,124,-4
2/1/2025,Drake,S Illinois,Away,-6.5,127.5,-276,75-65,10,3.5,140,12.5
2/1/2025,Illinois St,Valparaiso,Home,-7.5,144,-353,86-78,8,0.5,164,20
2/4/2025,Texas So,AR-Pine Bluff,Away,-10,157.5,-535,68-69,-1,-11,137,-20.5
2/10/2025,Howard,Maryland ES,Away,-7,150.5,-290,77-57,20,13,134,-16.5
