Player Name,Team,Date,Location,TOI,G,A,+/-,S,B,PM,TK,GV,FO
Nicolas Aube-Kubel,Sabres,2024-10-04,Home,05:45,0,0,0,2,0,2,0,0,0/0
Zach Benson,Sabres,2024-10-04,Home,17:23,0,0,0,2,1,0,0,1,0/1
Dylan Cozens,Sabres,2024-10-04,Home,18:57,0,0,-1,7,0,0,1,1,11/16
Jordan Greenway,Sabres,2024-10-04,Home,13:49,0,0,-2,2,1,0,0,1,0/0
Sam Lafferty,Sabres,2024-10-04,Home,09:05,0,0,0,0,0,0,0,0,1/5
Beck Malenstyn,Sabres,2024-10-04,Home,06:55,0,0,0,1,1,0,0,0,0/0
Ryan McLeod,Sabres,2024-10-04,Home,13:50,0,0,-1,0,0,0,1,0,8/12
JJ Peterka,Sabres,2024-10-04,Home,19:22,0,1,-2,2,0,0,1,1,0/0
Jack Quinn,Sabres,2024-10-04,Home,18:41,0,0,-1,0,0,0,0,0,0/0
Tage Thompson,Sabres,2024-10-04,Home,21:29,0,0,-2,3,1,0,0,1,10/14
Alex Tuch,Sabres,2024-10-04,Home,22:31,0,0,-2,2,1,0,0,2,4/11
Jason Zucker,Sabres,2024-10-04,Home,12:19,0,0,0,2,1,0,0,0,0/0
Bowen Byram,Sabres,2024-10-04,Home,24:52,0,1,0,0,3,0,1,1,0/0
Connor Clifton,Sabres,2024-10-04,Home,13:39,0,0,-1,1,0,0,0,1,0/0
Rasmus Dahlin,Sabres,2024-10-04,Home,22:48,0,0,-1,2,1,2,1,1,0/0
Henri Jokiharju,Sabres,2024-10-04,Home,16:17,0,0,-1,0,2,0,0,0,0/0
Owen Power,Sabres,2024-10-04,Home,23:27,1,0,-1,3,2,0,0,0,0/0
Mattias Samuelsson,Sabres,2024-10-04,Home,15:46,0,0,-1,2,3,0,0,2,0/0
Dylan Cozens,Sabres,2024-10-05,Away,21:10,0,0,-2,1,1,0,0,0,6/15
Jordan Greenway,Sabres,2024-10-05,Away,19:45,0,1,1,4,1,0,0,0,0/0
Peyton Krebs,Sabres,2024-10-05,Away,14:11,0,0,0,1,0,0,0,1,1/3
Jiri Kulich,Sabres,2024-10-05,Away,14:00,0,0,-2,0,0,2,1,1,0/0
Sam Lafferty,Sabres,2024-10-05,Away,10:34,0,0,0,1,1,2,0,1,1/2
Beck Malenstyn,Sabres,2024-10-05,Away,09:33,0,0,0,0,0,0,0,0,0/0
Ryan McLeod,Sabres,2024-10-05,Away,17:12,0,0,0,0,0,0,0,2,5/15
JJ Peterka,Sabres,2024-10-05,Away,01:39,0,0,0,0,0,0,0,0,0/0
Jack Quinn,Sabres,2024-10-05,Away,15:48,0,0,-1,0,0,0,0,3,0/0
Tage Thompson,Sabres,2024-10-05,Away,19:06,1,0,1,3,3,2,1,0,5/15
Alex Tuch,Sabres,2024-10-05,Away,20:07,0,1,0,0,4,7,0,1,0/1
Jason Zucker,Sabres,2024-10-05,Away,14:13,0,0,0,0,0,0,0,1,0/0
Bowen Byram,Sabres,2024-10-05,Away,21:59,0,0,0,0,2,0,0,1,0/0
Connor Clifton,Sabres,2024-10-05,Away,13:26,0,0,0,1,0,0,0,1,0/0
Rasmus Dahlin,Sabres,2024-10-05,Away,24:56,0,0,-1,1,0,0,1,1,0/0
Henri Jokiharju,Sabres,2024-10-05,Away,18:04,0,0,-1,4,1,0,1,1,0/0
Owen Power,Sabres,2024-10-05,Away,24:42,0,0,1,2,0,0,0,1,0/0
Mattias Samuelsson,Sabres,2024-10-05,Away,15:29,0,0,-1,0,1,0,0,2,0/0
Zach Benson,Sabres,2024-10-10,Home,19:09,0,0,-1,1,0,0,1,1,0/0
Dylan Cozens,Sabres,2024-10-10,Home,16:43,0,0,-1,6,1,10,0,1,11/18
Jordan Greenway,Sabres,2024-10-10,Home,15:15,0,0,0,1,2,0,0,0,0/1
Peyton Krebs,Sabres,2024-10-10,Home,07:25,0,0,0,0,1,5,0,2,2/2
Jiri Kulich,Sabres,2024-10-10,Home,15:27,0,0,0,2,0,0,0,1,5/6
Sam Lafferty,Sabres,2024-10-10,Home,11:48,0,0,0,0,0,2,0,0,1/4
Beck Malenstyn,Sabres,2024-10-10,Home,11:51,0,0,0,2,1,2,1,1,0/1
Ryan McLeod,Sabres,2024-10-10,Home,13:09,0,0,1,3,1,0,0,1,7/11
Jack Quinn,Sabres,2024-10-10,Home,15:01,0,0,-1,1,1,0,1,1,0/0
Tage Thompson,Sabres,2024-10-10,Home,19:07,0,0,-2,5,1,0,1,1,8/16
Alex Tuch,Sabres,2024-10-10,Home,18:50,1,0,-1,4,0,0,1,0,1/1
Jason Zucker,Sabres,2024-10-10,Home,13:19,0,0,0,1,1,12,0,0,0/0
Bowen Byram,Sabres,2024-10-10,Home,20:22,0,0,0,1,2,2,0,0,0/0
Connor Clifton,Sabres,2024-10-10,Home,14:42,0,0,0,1,1,0,2,2,0/0
Rasmus Dahlin,Sabres,2024-10-10,Home,22:00,0,0,-2,2,0,0,1,0,0/0
Henri Jokiharju,Sabres,2024-10-10,Home,18:42,0,0,0,1,1,0,0,0,0/0
Owen Power,Sabres,2024-10-10,Home,23:58,0,0,0,2,3,0,0,2,0/0
Mattias Samuelsson,Sabres,2024-10-10,Home,16:26,0,0,0,0,3,2,0,0,0/0
Zach Benson,Sabres,2024-10-12,Home,10:03,0,0,0,1,0,0,0,0,0/0
Dylan Cozens,Sabres,2024-10-12,Home,21:54,0,0,1,2,1,0,1,0,8/20
Jordan Greenway,Sabres,2024-10-12,Home,17:05,1,0,3,2,3,4,0,0,0/0
Peyton Krebs,Sabres,2024-10-12,Home,14:20,0,1,1,1,0,0,0,0,3/6
Jiri Kulich,Sabres,2024-10-12,Home,17:39,0,0,1,2,3,0,1,0,2/5
Beck Malenstyn,Sabres,2024-10-12,Home,01:52,0,0,0,0,0,0,0,0,0/0
Ryan McLeod,Sabres,2024-10-12,Home,17:50,0,1,2,1,1,0,0,1,10/16
Jack Quinn,Sabres,2024-10-12,Home,16:36,0,1,1,3,0,0,1,1,0/1
Tage Thompson,Sabres,2024-10-12,Home,20:56,1,0,1,3,0,0,0,0,8/13
Alex Tuch,Sabres,2024-10-12,Home,20:35,1,1,1,3,2,0,3,0,1/1
Jason Zucker,Sabres,2024-10-12,Home,17:58,0,1,1,0,1,2,0,0,0/0
Bowen Byram,Sabres,2024-10-12,Home,17:32,0,0,-1,1,0,0,0,1,0/0
Connor Clifton,Sabres,2024-10-12,Home,17:26,0,1,2,3,2,0,0,4,0/0
Rasmus Dahlin,Sabres,2024-10-12,Home,23:45,0,1,3,0,3,0,1,2,0/0
Dennis Gilbert,Sabres,2024-10-12,Home,04:49,0,0,0,0,1,0,0,2,0/0
Henri Jokiharju,Sabres,2024-10-12,Home,14:35,1,0,2,1,1,0,0,0,0/0
Owen Power,Sabres,2024-10-12,Home,23:14,0,0,1,0,0,0,0,3,0/0
Mattias Samuelsson,Sabres,2024-10-12,Home,17:24,1,0,1,4,0,0,0,0,0/0
Zach Benson,Sabres,2024-10-16,Away,10:28,0,0,-2,3,1,2,0,0,1/1
Dylan Cozens,Sabres,2024-10-16,Away,15:51,0,0,-2,3,0,0,0,0,3/11
Jordan Greenway,Sabres,2024-10-16,Away,18:37,1,0,1,2,1,0,0,0,0/1
Peyton Krebs,Sabres,2024-10-16,Away,09:44,0,0,-1,0,0,0,0,1,3/4
Sam Lafferty,Sabres,2024-10-16,Away,08:40,0,0,0,0,0,0,0,0,1/3
Beck Malenstyn,Sabres,2024-10-16,Away,08:59,0,0,0,0,4,0,0,1,0/0
Ryan McLeod,Sabres,2024-10-16,Away,16:45,1,0,1,2,0,2,0,1,7/19
JJ Peterka,Sabres,2024-10-16,Away,18:48,2,0,3,4,0,0,1,0,1/1
Jack Quinn,Sabres,2024-10-16,Away,12:27,0,0,-2,1,0,0,0,3,0/0
Tage Thompson,Sabres,2024-10-16,Away,18:34,1,0,2,3,1,2,0,1,7/19
Alex Tuch,Sabres,2024-10-16,Away,19:28,0,2,2,5,3,2,2,1,1/5
Jason Zucker,Sabres,2024-10-16,Away,15:27,0,2,1,1,1,2,1,1,1/2
Bowen Byram,Sabres,2024-10-16,Away,18:51,0,2,1,0,0,0,0,0,0/0
Connor Clifton,Sabres,2024-10-16,Away,17:32,0,0,-1,0,1,0,0,2,0/0
Rasmus Dahlin,Sabres,2024-10-16,Away,24:58,0,0,1,5,1,0,0,2,0/0
Henri Jokiharju,Sabres,2024-10-16,Away,21:09,0,1,3,1,1,0,1,2,0/0
Owen Power,Sabres,2024-10-16,Away,19:08,0,0,0,2,2,0,1,2,0/0
Mattias Samuelsson,Sabres,2024-10-16,Away,20:27,0,0,-1,1,1,0,0,0,0/0
Zach Benson,Sabres,2024-10-17,Away,14:37,0,0,0,1,1,0,0,1,0/0
Dylan Cozens,Sabres,2024-10-17,Away,16:47,0,1,2,3,0,2,0,0,11/16
Jordan Greenway,Sabres,2024-10-17,Away,14:46,0,1,-1,0,0,0,0,1,0/0
Peyton Krebs,Sabres,2024-10-17,Away,09:57,0,0,-1,0,0,0,0,0,5/7
Jiri Kulich,Sabres,2024-10-17,Away,14:45,1,0,1,5,0,0,0,0,0/0
Sam Lafferty,Sabres,2024-10-17,Away,09:37,0,0,-1,0,0,0,0,0,0/1
Beck Malenstyn,Sabres,2024-10-17,Away,08:59,0,0,-1,1,0,0,0,0,0/0
Ryan McLeod,Sabres,2024-10-17,Away,16:54,1,0,1,2,0,0,0,1,6/16
JJ Peterka,Sabres,2024-10-17,Away,20:51,1,0,0,3,0,0,0,3,0/0
Tage Thompson,Sabres,2024-10-17,Away,20:42,0,1,0,2,1,0,2,2,5/13
Alex Tuch,Sabres,2024-10-17,Away,17:42,0,0,-2,0,3,2,0,0,1/2
Jason Zucker,Sabres,2024-10-17,Away,16:43,0,1,1,1,1,0,0,2,0/0
Bowen Byram,Sabres,2024-10-17,Away,21:24,0,0,-1,0,0,0,1,0,0/0
Connor Clifton,Sabres,2024-10-17,Away,11:33,0,0,0,1,0,2,0,0,0/0
Rasmus Dahlin,Sabres,2024-10-17,Away,26:51,0,1,0,1,0,0,2,1,0/0
Henri Jokiharju,Sabres,2024-10-17,Away,20:11,0,1,1,1,2,0,0,1,0/0
Owen Power,Sabres,2024-10-17,Away,21:39,1,0,-2,2,1,0,1,1,0/0
Mattias Samuelsson,Sabres,2024-10-17,Away,13:56,0,0,-1,1,0,0,0,0,0/0
Zach Benson,Sabres,2024-10-19,Away,13:17,0,0,-1,0,1,0,1,0,0/0
Dylan Cozens,Sabres,2024-10-19,Away,17:27,0,1,1,1,0,0,0,0,3/12
Peyton Krebs,Sabres,2024-10-19,Away,10:51,0,1,0,1,0,2,0,0,8/14
Jiri Kulich,Sabres,2024-10-19,Away,15:19,0,0,0,5,0,0,0,1,0/0
Sam Lafferty,Sabres,2024-10-19,Away,12:10,0,0,0,2,2,0,0,0,0/0
Beck Malenstyn,Sabres,2024-10-19,Away,11:16,1,0,0,2,1,2,0,0,0/0
Ryan McLeod,Sabres,2024-10-19,Away,14:15,1,0,0,1,0,0,0,1,7/11
JJ Peterka,Sabres,2024-10-19,Away,20:43,1,1,2,1,0,2,0,0,0/0
Jack Quinn,Sabres,2024-10-19,Away,15:16,0,0,0,1,1,0,0,1,0/0
Tage Thompson,Sabres,2024-10-19,Away,19:18,1,1,2,2,1,0,0,1,5/12
Alex Tuch,Sabres,2024-10-19,Away,18:57,0,1,3,3,1,0,1,0,2/4
Jason Zucker,Sabres,2024-10-19,Away,15:36,0,0,-1,1,0,0,0,1,0/1
Bowen Byram,Sabres,2024-10-19,Away,20:27,0,0,1,1,3,0,0,1,0/0
Connor Clifton,Sabres,2024-10-19,Away,15:37,0,1,0,1,1,0,2,0,0/0
Rasmus Dahlin,Sabres,2024-10-19,Away,23:51,0,0,1,0,1,0,0,1,0/0
Henri Jokiharju,Sabres,2024-10-19,Away,17:42,0,0,0,0,0,0,0,1,0/0
Owen Power,Sabres,2024-10-19,Away,20:10,0,1,1,0,1,0,0,0,0/0
Mattias Samuelsson,Sabres,2024-10-19,Away,15:48,0,0,1,0,1,0,0,2,0/0
Dylan Cozens,Sabres,2024-10-22,Home,17:15,0,0,0,4,0,0,0,1,4/13
Jordan Greenway,Sabres,2024-10-22,Home,19:27,0,0,1,1,6,0,1,0,0/0
Peyton Krebs,Sabres,2024-10-22,Home,10:06,1,0,0,1,0,2,0,0,6/7
Jiri Kulich,Sabres,2024-10-22,Home,13:42,0,0,0,0,0,0,1,0,0/0
Sam Lafferty,Sabres,2024-10-22,Home,07:21,0,0,0,0,1,0,1,1,1/1
Beck Malenstyn,Sabres,2024-10-22,Home,08:18,0,1,1,1,1,0,0,1,1/1
Ryan McLeod,Sabres,2024-10-22,Home,18:35,1,0,0,1,2,0,0,0,3/14
JJ Peterka,Sabres,2024-10-22,Home,16:06,0,0,1,1,0,0,0,3,0/0
Jack Quinn,Sabres,2024-10-22,Home,13:33,0,0,0,0,1,0,0,1,0/0
Tage Thompson,Sabres,2024-10-22,Home,16:48,1,1,1,3,0,0,0,1,3/10
Alex Tuch,Sabres,2024-10-22,Home,18:08,1,1,2,3,2,0,1,1,1/3
Jason Zucker,Sabres,2024-10-22,Home,16:32,0,1,0,2,0,0,0,0,0/0
Bowen Byram,Sabres,2024-10-22,Home,18:55,0,0,1,1,0,0,0,1,0/0
Connor Clifton,Sabres,2024-10-22,Home,15:42,0,0,1,0,5,2,4,2,0/0
Rasmus Dahlin,Sabres,2024-10-22,Home,23:39,0,0,1,5,2,2,0,3,0/0
Henri Jokiharju,Sabres,2024-10-22,Home,19:42,0,0,0,1,2,0,0,1,0/0
Owen Power,Sabres,2024-10-22,Home,21:16,0,3,1,1,4,0,1,0,0/0
Mattias Samuelsson,Sabres,2024-10-22,Home,18:55,0,0,0,0,2,0,1,0,0/0
Dylan Cozens,Sabres,2024-10-26,Home,17:52,0,1,1,2,1,2,0,2,6/18
Jordan Greenway,Sabres,2024-10-26,Home,17:39,0,0,-1,2,2,0,0,0,0/0
Peyton Krebs,Sabres,2024-10-26,Home,12:52,0,0,-1,2,0,0,0,0,5/13
Jiri Kulich,Sabres,2024-10-26,Home,11:29,0,0,0,2,0,0,0,0,0/0
Sam Lafferty,Sabres,2024-10-26,Home,08:52,0,0,0,0,0,2,0,0,0/0
Beck Malenstyn,Sabres,2024-10-26,Home,07:54,0,0,0,2,1,0,0,0,1/1
Ryan McLeod,Sabres,2024-10-26,Home,14:27,0,0,-1,0,1,0,1,1,5/17
JJ Peterka,Sabres,2024-10-26,Home,21:36,0,1,2,0,0,0,0,1,0/0
Jack Quinn,Sabres,2024-10-26,Home,14:25,1,0,1,3,0,0,0,2,0/0
Tage Thompson,Sabres,2024-10-26,Home,18:36,2,1,1,6,0,0,0,0,3/13
Alex Tuch,Sabres,2024-10-26,Home,20:09,0,0,1,5,2,0,1,0,3/9
Jason Zucker,Sabres,2024-10-26,Home,16:43,1,0,-1,2,1,0,0,3,1/2
Bowen Byram,Sabres,2024-10-26,Home,17:32,1,0,0,4,1,0,0,2,0/0
Connor Clifton,Sabres,2024-10-26,Home,20:16,0,0,1,0,2,0,0,1,0/0
Rasmus Dahlin,Sabres,2024-10-26,Home,23:33,0,3,0,1,4,0,0,1,0/0
Henri Jokiharju,Sabres,2024-10-26,Home,18:59,0,0,1,2,0,0,0,0,0/0
Owen Power,Sabres,2024-10-26,Home,10:37,0,1,0,2,1,0,0,1,0/0
Mattias Samuelsson,Sabres,2024-10-26,Home,22:29,0,0,1,4,0,0,0,2,0/0
Nicolas Aube-Kubel,Sabres,2024-10-28,Home,07:19,0,0,-1,1,0,0,0,1,0/0
Dylan Cozens,Sabres,2024-10-28,Home,18:31,0,0,-1,3,1,0,0,2,5/15
Jordan Greenway,Sabres,2024-10-28,Home,15:05,0,0,0,0,0,0,0,0,0/0
Peyton Krebs,Sabres,2024-10-28,Home,13:05,0,0,0,0,0,2,0,0,5/7
Sam Lafferty,Sabres,2024-10-28,Home,08:25,0,0,0,0,0,0,0,0,1/2
Beck Malenstyn,Sabres,2024-10-28,Home,07:45,0,0,0,1,0,0,1,0,1/1
Ryan McLeod,Sabres,2024-10-28,Home,17:20,0,0,0,1,0,0,1,0,15/18
JJ Peterka,Sabres,2024-10-28,Home,20:45,0,1,-1,3,1,0,2,0,0/0
Jack Quinn,Sabres,2024-10-28,Home,14:51,0,0,-1,1,0,0,0,1,0/0
Tage Thompson,Sabres,2024-10-28,Home,18:27,0,1,-1,0,0,0,0,0,11/16
Alex Tuch,Sabres,2024-10-28,Home,21:02,0,0,-1,0,5,0,0,0,2/3
Jason Zucker,Sabres,2024-10-28,Home,14:04,1,0,0,2,0,0,0,0,0/0
Bowen Byram,Sabres,2024-10-28,Home,23:50,0,0,-2,1,0,0,0,1,0/0
Connor Clifton,Sabres,2024-10-28,Home,16:14,0,0,0,1,3,2,1,0,0/0
Rasmus Dahlin,Sabres,2024-10-28,Home,21:48,1,0,0,6,1,4,0,0,0/0
Henri Jokiharju,Sabres,2024-10-28,Home,19:18,0,0,0,3,1,2,0,1,0/0
Owen Power,Sabres,2024-10-28,Home,20:35,0,1,-2,4,1,2,0,1,0/0
Mattias Samuelsson,Sabres,2024-10-28,Home,15:33,0,0,0,1,2,0,0,2,0/0
Nicolas Aube-Kubel,Sabres,2024-11-01,Home,06:09,0,0,0,0,0,2,0,1,0/0
Dylan Cozens,Sabres,2024-11-01,Home,19:14,1,0,-1,1,0,2,0,0,5/16
Jordan Greenway,Sabres,2024-11-01,Home,16:22,0,0,0,1,0,0,1,0,0/0
Peyton Krebs,Sabres,2024-11-01,Home,13:00,0,0,-1,0,1,0,0,1,5/10
Sam Lafferty,Sabres,2024-11-01,Home,06:44,0,0,-1,0,0,2,0,0,0/1
Beck Malenstyn,Sabres,2024-11-01,Home,05:31,0,0,0,0,1,0,0,0,0/0
Ryan McLeod,Sabres,2024-11-01,Home,16:22,0,1,0,0,0,0,0,0,3/4
JJ Peterka,Sabres,2024-11-01,Home,22:41,0,0,-1,4,0,2,0,0,0/0
Jack Quinn,Sabres,2024-11-01,Home,13:42,0,0,0,4,0,0,0,0,0/0
Tage Thompson,Sabres,2024-11-01,Home,21:50,0,1,1,1,1,0,1,1,10/20
Alex Tuch,Sabres,2024-11-01,Home,24:38,0,0,1,2,1,0,0,0,2/4
Jason Zucker,Sabres,2024-11-01,Home,13:54,1,1,0,2,0,5,0,0,1/2
Bowen Byram,Sabres,2024-11-01,Home,21:49,0,2,1,3,0,2,0,0,0/0
Connor Clifton,Sabres,2024-11-01,Home,14:07,0,0,-2,2,2,0,0,3,0/0
Rasmus Dahlin,Sabres,2024-11-01,Home,24:59,0,1,0,5,2,0,0,0,0/0
Henri Jokiharju,Sabres,2024-11-01,Home,17:30,0,0,0,3,0,0,1,3,0/0
Owen Power,Sabres,2024-11-01,Home,19:19,1,0,1,6,1,0,1,0,0/0
Mattias Samuelsson,Sabres,2024-11-01,Home,16:15,0,0,-2,1,0,0,0,0,0/0
Dylan Cozens,Sabres,2024-11-02,Away,15:47,0,0,0,3,1,0,0,0,6/17
Jordan Greenway,Sabres,2024-11-02,Away,12:41,0,0,0,2,2,2,0,0,0/0
Peyton Krebs,Sabres,2024-11-02,Away,12:55,0,0,0,0,1,0,0,0,4/7
Jiri Kulich,Sabres,2024-11-02,Away,14:28,0,0,0,1,0,0,0,0,0/1
Sam Lafferty,Sabres,2024-11-02,Away,09:31,0,0,0,1,1,0,0,0,0/1
Beck Malenstyn,Sabres,2024-11-02,Away,10:06,0,0,0,2,0,2,0,1,0/0
Ryan McLeod,Sabres,2024-11-02,Away,12:11,0,0,1,0,1,0,0,2,6/10
JJ Peterka,Sabres,2024-11-02,Away,19:16,0,0,0,4,0,0,0,0,0/0
Jack Quinn,Sabres,2024-11-02,Away,16:10,0,0,0,2,0,2,0,1,0/0
Tage Thompson,Sabres,2024-11-02,Away,20:45,0,0,0,2,1,0,0,1,6/20
Alex Tuch,Sabres,2024-11-02,Away,21:58,1,0,1,5,5,0,3,0,1/2
Jason Zucker,Sabres,2024-11-02,Away,17:17,0,0,0,3,0,0,0,1,0/0
Jacob Bryson,Sabres,2024-11-02,Away,13:34,0,0,0,0,2,0,1,1,0/0
Bowen Byram,Sabres,2024-11-02,Away,24:24,0,0,1,1,1,0,0,1,0/0
Rasmus Dahlin,Sabres,2024-11-02,Away,27:33,0,0,0,4,1,0,0,0,0/0
Henri Jokiharju,Sabres,2024-11-02,Away,16:16,0,0,1,0,2,0,0,2,0/0
Owen Power,Sabres,2024-11-02,Away,21:04,0,0,0,1,3,2,1,0,0/0
Mattias Samuelsson,Sabres,2024-11-02,Away,13:54,0,0,0,1,1,0,0,3,0/0
Zach Benson,Sabres,2024-11-05,Home,10:14,0,0,0,0,0,6,0,1,0/1
Dylan Cozens,Sabres,2024-11-05,Home,15:45,0,0,0,2,2,0,0,2,3/14
Jordan Greenway,Sabres,2024-11-05,Home,15:28,0,1,2,1,0,5,0,0,0/2
Peyton Krebs,Sabres,2024-11-05,Home,12:30,0,0,-1,1,0,0,0,0,6/10
Sam Lafferty,Sabres,2024-11-05,Home,14:16,0,0,0,1,0,2,0,1,1/3
Beck Malenstyn,Sabres,2024-11-05,Home,14:35,0,0,-1,1,1,0,0,1,0/0
Ryan McLeod,Sabres,2024-11-05,Home,14:43,0,2,2,0,0,0,1,1,10/15
JJ Peterka,Sabres,2024-11-05,Home,15:57,2,1,1,6,0,2,0,0,0/0
Jack Quinn,Sabres,2024-11-05,Home,13:44,0,0,0,1,1,0,0,0,0/0
Tage Thompson,Sabres,2024-11-05,Home,16:21,1,1,1,11,0,0,1,1,2/11
Alex Tuch,Sabres,2024-11-05,Home,15:20,0,1,1,3,0,0,0,0,5/6
Jason Zucker,Sabres,2024-11-05,Home,16:10,0,1,1,1,0,0,0,3,0/0
Jacob Bryson,Sabres,2024-11-05,Home,18:52,0,0,1,0,2,2,0,0,0/0
Bowen Byram,Sabres,2024-11-05,Home,22:31,2,0,1,2,0,0,1,0,0/0
Connor Clifton,Sabres,2024-11-05,Home,17:56,0,0,0,0,3,0,0,1,0/0
Rasmus Dahlin,Sabres,2024-11-05,Home,22:33,0,2,1,4,1,0,0,0,0/0
Dennis Gilbert,Sabres,2024-11-05,Home,12:26,0,0,0,0,0,4,0,0,0/0
Owen Power,Sabres,2024-11-05,Home,22:39,0,0,1,0,1,0,0,1,0/0
Zach Benson,Sabres,2024-11-07,Away,17:01,1,1,1,2,0,2,0,0,0/1
Dylan Cozens,Sabres,2024-11-07,Away,16:24,1,0,1,4,0,0,0,2,9/12
Jordan Greenway,Sabres,2024-11-07,Away,15:05,1,0,1,1,0,0,0,0,0/0
Peyton Krebs,Sabres,2024-11-07,Away,10:47,0,1,1,0,1,2,0,0,2/4
Sam Lafferty,Sabres,2024-11-07,Away,10:37,1,0,1,2,1,0,0,1,2/3
Beck Malenstyn,Sabres,2024-11-07,Away,10:31,0,1,1,0,3,2,0,0,1/1
Ryan McLeod,Sabres,2024-11-07,Away,15:33,0,1,1,1,0,0,0,1,7/14
JJ Peterka,Sabres,2024-11-07,Away,15:50,0,1,1,1,0,0,0,1,0/0
Jack Quinn,Sabres,2024-11-07,Away,17:43,0,2,1,4,0,0,0,2,0/0
Tage Thompson,Sabres,2024-11-07,Away,14:53,1,0,1,2,0,0,0,0,2/9
Alex Tuch,Sabres,2024-11-07,Away,18:02,0,1,1,1,1,0,0,2,5/10
Jason Zucker,Sabres,2024-11-07,Away,13:08,0,1,1,0,0,0,1,2,0/0
Jacob Bryson,Sabres,2024-11-07,Away,17:30,0,0,0,1,3,2,0,2,0/0
Bowen Byram,Sabres,2024-11-07,Away,21:38,0,1,4,0,2,0,0,2,0/0
Connor Clifton,Sabres,2024-11-07,Away,16:40,0,1,1,0,2,0,3,1,0/0
Rasmus Dahlin,Sabres,2024-11-07,Away,24:18,1,0,2,3,5,0,1,3,0/0
Dennis Gilbert,Sabres,2024-11-07,Away,13:27,0,0,1,0,3,0,0,0,0/0
Owen Power,Sabres,2024-11-07,Away,22:53,0,0,0,0,2,0,0,2,0/0
Zach Benson,Sabres,2024-11-09,Home,11:06,1,0,1,1,0,0,3,1,0/1
Dylan Cozens,Sabres,2024-11-09,Home,18:14,0,0,0,2,0,0,1,2,9/13
Jordan Greenway,Sabres,2024-11-09,Home,16:44,0,0,0,0,1,0,0,1,0/1
Peyton Krebs,Sabres,2024-11-09,Home,12:28,0,0,-1,1,1,0,0,0,5/9
Sam Lafferty,Sabres,2024-11-09,Home,11:35,0,0,0,0,0,0,0,0,2/3
Beck Malenstyn,Sabres,2024-11-09,Home,12:42,0,0,-1,2,2,0,0,1,0/0
Ryan McLeod,Sabres,2024-11-09,Home,15:13,0,0,0,1,0,0,1,1,13/17
JJ Peterka,Sabres,2024-11-09,Home,19:34,0,1,-1,0,0,0,0,0,0/0
Jack Quinn,Sabres,2024-11-09,Home,13:22,0,0,-1,0,1,0,1,1,0/0
Tage Thompson,Sabres,2024-11-09,Home,19:27,1,0,0,4,0,0,0,0,3/10
Alex Tuch,Sabres,2024-11-09,Home,18:44,0,0,0,2,0,0,0,1,7/11
Jason Zucker,Sabres,2024-11-09,Home,15:40,0,0,0,0,2,0,1,1,0/0
Jacob Bryson,Sabres,2024-11-09,Home,18:01,0,1,1,1,3,0,0,0,0/0
Bowen Byram,Sabres,2024-11-09,Home,32:34,0,0,-2,0,3,0,0,1,0/0
Connor Clifton,Sabres,2024-11-09,Home,14:07,0,0,0,0,4,0,0,0,0/0
Rasmus Dahlin,Sabres,2024-11-09,Home,28:28,0,1,-1,3,0,0,0,1,0/0
Dennis Gilbert,Sabres,2024-11-09,Home,10:19,0,0,-1,0,1,6,0,1,0/0
Owen Power,Sabres,2024-11-09,Home,20:42,0,1,1,2,2,0,0,1,0/0
Zach Benson,Sabres,2024-11-11,Home,13:08,0,0,-1,1,0,2,1,2,0/0
Dylan Cozens,Sabres,2024-11-11,Home,15:49,1,1,-1,2,1,0,0,0,14/20
Jordan Greenway,Sabres,2024-11-11,Home,19:10,0,0,-1,0,0,0,1,1,1/2
Peyton Krebs,Sabres,2024-11-11,Home,13:10,1,0,0,2,0,0,0,0,8/11
Sam Lafferty,Sabres,2024-11-11,Home,08:29,0,0,-1,1,0,0,0,1,1/1
Beck Malenstyn,Sabres,2024-11-11,Home,11:44,0,0,1,0,1,0,0,0,0/0
Ryan McLeod,Sabres,2024-11-11,Home,17:31,0,0,-1,0,0,0,1,0,10/22
JJ Peterka,Sabres,2024-11-11,Home,17:32,1,0,0,3,0,0,0,0,0/0
Jack Quinn,Sabres,2024-11-11,Home,14:08,0,0,0,1,1,2,0,0,0/0
Tage Thompson,Sabres,2024-11-11,Home,06:49,1,0,1,1,0,0,0,0,5/7
Alex Tuch,Sabres,2024-11-11,Home,20:27,0,2,0,1,0,0,0,1,1/3
Jason Zucker,Sabres,2024-11-11,Home,14:27,0,0,-1,1,0,0,0,0,0/0
Jacob Bryson,Sabres,2024-11-11,Home,19:19,0,0,-2,1,4,0,0,0,0/0
Bowen Byram,Sabres,2024-11-11,Home,24:31,0,1,3,0,1,4,0,1,0/0
Connor Clifton,Sabres,2024-11-11,Home,17:45,0,0,0,1,1,2,0,2,0/0
Rasmus Dahlin,Sabres,2024-11-11,Home,25:24,1,1,0,3,1,2,0,3,0/0
Owen Power,Sabres,2024-11-11,Home,22:41,0,2,-4,0,3,0,0,0,0/0
Mattias Samuelsson,Sabres,2024-11-11,Home,06:49,0,0,1,0,0,0,0,1,0/0
Nicolas Aube-Kubel,Sabres,2024-11-14,Home,08:39,0,0,0,0,0,0,0,0,1/1
Zach Benson,Sabres,2024-11-14,Home,17:21,1,0,2,4,1,0,0,0,1/1
Dylan Cozens,Sabres,2024-11-14,Home,19:02,0,0,-2,4,0,0,1,0,5/17
Jordan Greenway,Sabres,2024-11-14,Home,13:26,0,0,-1,1,0,0,0,1,0/0
Peyton Krebs,Sabres,2024-11-14,Home,16:08,0,1,1,1,1,0,1,1,1/9
Sam Lafferty,Sabres,2024-11-14,Home,11:50,0,0,0,2,0,0,0,0,3/6
Beck Malenstyn,Sabres,2024-11-14,Home,11:20,0,0,-1,1,2,0,0,0,0/1
Ryan McLeod,Sabres,2024-11-14,Home,17:17,1,1,1,1,0,0,2,0,9/21
JJ Peterka,Sabres,2024-11-14,Home,18:24,0,1,-1,0,0,0,0,0,0/0
Jack Quinn,Sabres,2024-11-14,Home,19:04,0,1,-1,3,0,0,0,0,0/0
Alex Tuch,Sabres,2024-11-14,Home,21:26,1,1,2,4,1,0,0,1,2/5
Jason Zucker,Sabres,2024-11-14,Home,11:24,0,0,0,2,0,2,1,1,0/0
Jacob Bryson,Sabres,2024-11-14,Home,15:09,0,1,-2,1,2,0,0,1,0/0
Bowen Byram,Sabres,2024-11-14,Home,27:35,0,1,2,2,0,0,1,1,0/0
Connor Clifton,Sabres,2024-11-14,Home,15:03,0,0,0,1,1,0,0,0,0/0
Rasmus Dahlin,Sabres,2024-11-14,Home,27:31,1,0,-1,4,1,0,1,0,0/0
Dennis Gilbert,Sabres,2024-11-14,Home,11:24,0,0,0,0,1,0,0,0,0/0
Owen Power,Sabres,2024-11-14,Home,23:00,0,1,1,2,1,0,3,1,0/0
Nicolas Aube-Kubel,Sabres,2024-11-16,Away,10:33,0,0,0,1,0,2,1,1,0/0
Zach Benson,Sabres,2024-11-16,Away,14:20,0,0,-2,0,0,4,0,3,0/0
Dylan Cozens,Sabres,2024-11-16,Away,17:38,0,0,-2,3,3,0,1,2,9/20
Peyton Krebs,Sabres,2024-11-16,Away,13:49,0,0,0,0,0,0,0,0,12/19
Jiri Kulich,Sabres,2024-11-16,Away,12:49,0,0,0,2,1,0,0,1,0/0
Sam Lafferty,Sabres,2024-11-16,Away,11:25,0,0,-1,2,0,0,0,0,5/9
Beck Malenstyn,Sabres,2024-11-16,Away,10:54,0,0,0,1,0,0,0,0,1/2
Ryan McLeod,Sabres,2024-11-16,Away,18:16,1,0,0,2,2,0,1,1,11/22
JJ Peterka,Sabres,2024-11-16,Away,20:10,0,1,-1,4,0,0,0,0,0/0
Jack Quinn,Sabres,2024-11-16,Away,12:10,0,0,-1,0,0,0,0,1,0/0
Alex Tuch,Sabres,2024-11-16,Away,22:10,0,1,-1,0,1,0,0,2,0/5
Jason Zucker,Sabres,2024-11-16,Away,17:25,0,1,0,2,0,0,1,2,0/0
Jacob Bryson,Sabres,2024-11-16,Away,16:57,0,0,0,0,1,0,1,0,0/0
Bowen Byram,Sabres,2024-11-16,Away,22:07,0,0,-2,1,0,0,0,2,0/0
Connor Clifton,Sabres,2024-11-16,Away,14:25,0,0,-1,1,1,2,0,1,0/0
Rasmus Dahlin,Sabres,2024-11-16,Away,25:00,1,1,-1,5,2,4,0,0,0/0
Dennis Gilbert,Sabres,2024-11-16,Away,12:36,0,0,0,0,1,0,0,1,0/0
Owen Power,Sabres,2024-11-16,Away,23:13,0,0,-2,1,0,0,0,1,0/0
Nicolas Aube-Kubel,Sabres,2024-11-20,Away,11:36,0,0,0,0,1,0,1,1,0/0
Zach Benson,Sabres,2024-11-20,Away,16:38,0,0,0,1,2,0,0,0,0/1
Dylan Cozens,Sabres,2024-11-20,Away,17:25,0,0,0,0,4,0,0,3,9/19
Peyton Krebs,Sabres,2024-11-20,Away,12:40,0,0,0,0,0,0,0,0,1/8
Jiri Kulich,Sabres,2024-11-20,Away,09:58,0,0,0,2,0,0,1,1,3/6
Sam Lafferty,Sabres,2024-11-20,Away,12:07,0,0,0,1,1,0,0,2,1/2
Beck Malenstyn,Sabres,2024-11-20,Away,13:00,0,0,0,1,3,0,0,0,1/1
Ryan McLeod,Sabres,2024-11-20,Away,16:32,0,0,0,3,0,0,0,1,6/14
JJ Peterka,Sabres,2024-11-20,Away,17:03,0,0,0,0,0,0,0,1,0/0
Jack Quinn,Sabres,2024-11-20,Away,10:38,0,0,0,2,1,0,0,0,0/0
Alex Tuch,Sabres,2024-11-20,Away,22:23,0,1,0,2,3,2,0,2,2/6
Jason Zucker,Sabres,2024-11-20,Away,13:29,1,0,0,3,1,2,0,1,0/0
Jacob Bryson,Sabres,2024-11-20,Away,11:46,0,0,0,0,0,0,0,1,0/0
Bowen Byram,Sabres,2024-11-20,Away,21:47,0,0,0,0,0,2,0,1,0/0
Connor Clifton,Sabres,2024-11-20,Away,17:21,0,0,0,1,2,0,0,1,0/0
Rasmus Dahlin,Sabres,2024-11-20,Away,24:46,0,1,0,1,1,2,0,2,0/0
Henri Jokiharju,Sabres,2024-11-20,Away,18:42,0,0,0,2,2,2,0,1,0/0
Owen Power,Sabres,2024-11-20,Away,22:21,0,0,0,0,2,0,1,0,0/0
Nicolas Aube-Kubel,Sabres,2024-11-22,Away,11:03,0,0,0,0,0,0,0,0,0/0
Zach Benson,Sabres,2024-11-22,Away,14:19,0,0,0,2,1,4,1,0,0/0
Dylan Cozens,Sabres,2024-11-22,Away,16:38,0,0,1,0,1,0,0,0,8/14
Peyton Krebs,Sabres,2024-11-22,Away,12:30,0,0,1,2,0,0,0,1,4/6
Jiri Kulich,Sabres,2024-11-22,Away,15:46,1,0,1,4,1,0,0,0,8/11
Sam Lafferty,Sabres,2024-11-22,Away,12:23,0,0,1,0,1,0,0,1,0/1
Beck Malenstyn,Sabres,2024-11-22,Away,11:37,0,0,-1,0,0,0,0,0,0/0
Ryan McLeod,Sabres,2024-11-22,Away,17:47,0,0,-1,1,0,0,1,0,10/11
JJ Peterka,Sabres,2024-11-22,Away,22:21,0,0,-1,4,0,0,0,1,0/1
Jack Quinn,Sabres,2024-11-22,Away,17:00,0,0,-1,2,2,0,0,0,0/0
Alex Tuch,Sabres,2024-11-22,Away,19:31,1,1,1,2,0,0,1,1,0/2
Jason Zucker,Sabres,2024-11-22,Away,15:42,1,0,1,4,1,2,0,0,1/1
Jacob Bryson,Sabres,2024-11-22,Away,15:44,0,0,-1,1,0,0,0,0,0/0
Bowen Byram,Sabres,2024-11-22,Away,23:57,0,0,0,2,0,0,0,1,0/0
Connor Clifton,Sabres,2024-11-22,Away,15:26,0,0,0,1,2,5,0,0,0/0
Rasmus Dahlin,Sabres,2024-11-22,Away,26:15,0,0,0,4,2,0,0,1,0/0
Henri Jokiharju,Sabres,2024-11-22,Away,16:41,0,0,-1,0,0,0,0,1,0/0
Owen Power,Sabres,2024-11-22,Away,23:20,0,2,3,3,0,0,0,2,0/0
Zach Benson,Sabres,2024-11-23,Away,16:40,0,0,1,1,1,2,0,0,0/1
Dylan Cozens,Sabres,2024-11-23,Away,18:47,1,0,1,8,0,0,0,2,14/21
Peyton Krebs,Sabres,2024-11-23,Away,13:41,1,0,2,2,1,2,0,1,7/9
Jiri Kulich,Sabres,2024-11-23,Away,14:45,0,0,-1,1,2,0,0,0,13/18
Sam Lafferty,Sabres,2024-11-23,Away,06:14,0,0,0,0,0,4,0,2,0/0
Beck Malenstyn,Sabres,2024-11-23,Away,07:40,0,0,0,0,1,0,0,1,1/1
Ryan McLeod,Sabres,2024-11-23,Away,16:51,0,0,2,0,1,0,0,0,13/20
JJ Peterka,Sabres,2024-11-23,Away,16:35,0,0,-1,1,0,0,0,1,0/0
Jack Quinn,Sabres,2024-11-23,Away,16:10,0,0,-1,1,0,0,0,2,0/0
Isak Rosen,Sabres,2024-11-23,Away,06:29,0,0,0,0,0,0,1,0,0/0
Alex Tuch,Sabres,2024-11-23,Away,20:43,1,0,2,2,2,0,1,0,3/7
Jason Zucker,Sabres,2024-11-23,Away,14:03,0,0,0,3,0,0,0,4,0/0
Jacob Bryson,Sabres,2024-11-23,Away,11:27,0,0,-2,0,0,0,0,3,0/0
Bowen Byram,Sabres,2024-11-23,Away,23:18,0,2,2,2,2,0,0,2,0/0
Connor Clifton,Sabres,2024-11-23,Away,14:04,0,0,0,0,1,4,0,1,0/0
Rasmus Dahlin,Sabres,2024-11-23,Away,24:58,1,1,3,5,3,2,2,3,0/0
Henri Jokiharju,Sabres,2024-11-23,Away,18:48,0,0,0,1,1,0,1,2,0/0
Owen Power,Sabres,2024-11-23,Away,26:50,0,0,1,4,3,0,0,0,0/0
Zach Benson,Sabres,2024-11-27,Home,16:15,0,0,0,1,0,0,0,0,0/0
Dylan Cozens,Sabres,2024-11-27,Home,19:31,0,0,0,2,2,0,0,2,6/14
Peyton Krebs,Sabres,2024-11-27,Home,15:00,0,0,0,1,0,0,0,1,4/8
Jiri Kulich,Sabres,2024-11-27,Home,14:18,0,0,0,5,0,0,1,1,7/13
Sam Lafferty,Sabres,2024-11-27,Home,09:42,0,0,0,0,2,0,0,0,0/0
Beck Malenstyn,Sabres,2024-11-27,Home,11:00,0,0,0,2,0,0,0,1,0/0
Ryan McLeod,Sabres,2024-11-27,Home,11:14,0,0,0,0,1,0,0,0,4/7
JJ Peterka,Sabres,2024-11-27,Home,20:16,0,0,-1,1,0,0,1,0,0/0
Jack Quinn,Sabres,2024-11-27,Home,14:40,0,0,0,6,1,0,0,1,0/0
Tage Thompson,Sabres,2024-11-27,Home,19:43,0,0,-1,6,1,0,0,1,10/17
Alex Tuch,Sabres,2024-11-27,Home,19:45,0,0,-1,6,0,0,0,2,1/1
Jason Zucker,Sabres,2024-11-27,Home,14:55,0,0,0,1,0,0,0,1,0/0
Jacob Bryson,Sabres,2024-11-27,Home,11:57,0,0,0,0,0,0,1,1,0/0
Bowen Byram,Sabres,2024-11-27,Home,21:25,0,0,0,1,2,0,0,1,0/0
Connor Clifton,Sabres,2024-11-27,Home,13:35,0,0,0,2,1,0,0,1,0/0
Rasmus Dahlin,Sabres,2024-11-27,Home,26:35,0,0,-1,3,1,0,0,3,0/0
Henri Jokiharju,Sabres,2024-11-27,Home,18:15,0,0,-1,1,1,0,0,1,0/0
Owen Power,Sabres,2024-11-27,Home,24:27,0,0,0,1,3,0,0,2,0/0
Zach Benson,Sabres,2024-11-29,Home,18:52,0,2,3,2,1,0,0,0,0/0
Dylan Cozens,Sabres,2024-11-29,Home,16:57,1,1,3,2,1,4,0,2,6/15
Peyton Krebs,Sabres,2024-11-29,Home,13:30,0,0,0,1,0,0,0,0,4/5
Jiri Kulich,Sabres,2024-11-29,Home,13:43,0,0,0,2,0,2,0,0,2/5
Sam Lafferty,Sabres,2024-11-29,Home,04:02,0,0,0,0,0,0,0,1,0/0
Beck Malenstyn,Sabres,2024-11-29,Home,09:24,0,0,-1,0,1,0,0,2,0/0
Ryan McLeod,Sabres,2024-11-29,Home,14:08,0,0,-1,1,0,0,0,2,8/11
JJ Peterka,Sabres,2024-11-29,Home,21:14,0,0,-2,4,1,0,1,2,0/0
Jack Quinn,Sabres,2024-11-29,Home,17:37,0,0,-2,2,1,0,1,0,0/0
Tage Thompson,Sabres,2024-11-29,Home,22:14,0,0,-1,6,0,0,0,0,7/15
Alex Tuch,Sabres,2024-11-29,Home,21:37,1,0,2,3,2,0,0,0,1/3
Jason Zucker,Sabres,2024-11-29,Home,17:46,0,0,0,1,0,0,0,1,1/2
Jacob Bryson,Sabres,2024-11-29,Home,10:30,0,0,0,1,2,0,0,1,0/0
Bowen Byram,Sabres,2024-11-29,Home,26:18,1,0,-1,3,1,0,0,2,0/0
Connor Clifton,Sabres,2024-11-29,Home,13:36,0,1,1,1,2,0,0,2,0/0
Rasmus Dahlin,Sabres,2024-11-29,Home,27:01,0,0,0,4,0,0,0,1,0/0
Henri Jokiharju,Sabres,2024-11-29,Home,14:01,0,0,0,0,1,0,0,2,0/0
Owen Power,Sabres,2024-11-29,Home,22:54,0,0,1,1,2,2,0,0,0/0
Nicolas Aube-Kubel,Sabres,2024-11-30,Away,11:23,0,0,0,3,0,0,0,1,0/0
Zach Benson,Sabres,2024-11-30,Away,17:13,0,0,0,2,0,0,0,0,0/0
Dylan Cozens,Sabres,2024-11-30,Away,17:23,0,0,-1,3,0,0,0,0,7/15
Peyton Krebs,Sabres,2024-11-30,Away,16:17,0,0,0,0,0,0,0,2,4/10
Jiri Kulich,Sabres,2024-11-30,Away,12:39,0,0,0,2,0,0,0,0,0/3
Beck Malenstyn,Sabres,2024-11-30,Away,09:46,0,0,0,0,0,0,0,1,0/1
Ryan McLeod,Sabres,2024-11-30,Away,13:35,0,0,0,1,0,0,0,0,8/11
JJ Peterka,Sabres,2024-11-30,Away,19:48,0,0,-2,1,1,0,0,1,0/1
Jack Quinn,Sabres,2024-11-30,Away,12:37,0,0,0,2,0,0,0,0,0/0
Tage Thompson,Sabres,2024-11-30,Away,20:01,0,0,-2,4,0,0,1,0,4/14
Alex Tuch,Sabres,2024-11-30,Away,20:20,0,0,-2,2,5,2,0,0,0/0
Jason Zucker,Sabres,2024-11-30,Away,13:20,0,0,-1,0,0,0,0,1,1/1
Jacob Bryson,Sabres,2024-11-30,Away,09:49,0,0,0,0,1,2,0,1,0/0
Bowen Byram,Sabres,2024-11-30,Away,23:28,0,0,0,2,2,2,1,0,0/0
Connor Clifton,Sabres,2024-11-30,Away,13:14,0,0,0,0,1,0,0,2,0/0
Rasmus Dahlin,Sabres,2024-11-30,Away,26:49,0,0,-1,2,3,0,1,3,0/0
Henri Jokiharju,Sabres,2024-11-30,Away,16:03,0,0,-1,1,0,0,1,0,0/0
Owen Power,Sabres,2024-11-30,Away,24:38,0,0,-1,4,0,0,0,0,0/0
Nicolas Aube-Kubel,Sabres,2024-12-03,Home,11:44,0,1,0,2,0,0,1,0,1/1
Zach Benson,Sabres,2024-12-03,Home,14:53,0,1,-1,2,0,2,0,0,0/0
Dylan Cozens,Sabres,2024-12-03,Home,18:52,0,1,-1,1,1,0,0,2,9/15
Peyton Krebs,Sabres,2024-12-03,Home,12:25,0,0,0,1,1,0,0,0,6/7
Jiri Kulich,Sabres,2024-12-03,Home,12:22,0,0,-1,2,2,0,1,1,2/8
Beck Malenstyn,Sabres,2024-12-03,Home,11:02,1,0,0,2,0,0,0,1,0/0
Ryan McLeod,Sabres,2024-12-03,Home,13:02,0,0,-1,2,1,0,0,1,6/10
JJ Peterka,Sabres,2024-12-03,Home,18:20,1,0,-1,2,0,0,0,2,0/0
Jack Quinn,Sabres,2024-12-03,Home,10:23,0,0,-1,3,0,0,0,0,0/0
Tage Thompson,Sabres,2024-12-03,Home,20:52,2,0,1,5,0,0,0,0,3/15
Alex Tuch,Sabres,2024-12-03,Home,20:20,0,1,1,1,3,0,0,3,0/0
Jason Zucker,Sabres,2024-12-03,Home,20:54,0,1,1,2,0,0,2,1,1/1
Jacob Bryson,Sabres,2024-12-03,Home,14:54,0,0,1,0,1,0,0,2,0/0
Bowen Byram,Sabres,2024-12-03,Home,26:30,0,1,-1,2,1,0,1,1,0/0
Connor Clifton,Sabres,2024-12-03,Home,16:06,0,1,1,0,1,0,0,1,0/0
Rasmus Dahlin,Sabres,2024-12-03,Home,17:16,0,0,1,1,0,0,1,0,0/0
Henri Jokiharju,Sabres,2024-12-03,Home,17:27,0,0,-1,2,1,0,0,1,0/0
Owen Power,Sabres,2024-12-03,Home,21:54,0,0,-3,0,2,0,3,0,0/0
Nicolas Aube-Kubel,Sabres,2024-12-05,Home,09:09,0,0,0,2,0,2,0,0,0/1
Zach Benson,Sabres,2024-12-05,Home,14:16,0,1,1,0,0,0,0,0,0/0
Dylan Cozens,Sabres,2024-12-05,Home,17:53,1,0,1,3,2,0,0,2,12/21
Tyson Kozak,Sabres,2024-12-05,Home,08:26,0,0,0,1,0,0,0,0,5/8
Peyton Krebs,Sabres,2024-12-05,Home,15:29,0,0,-1,1,4,0,0,0,1/4
Jiri Kulich,Sabres,2024-12-05,Home,13:47,0,0,-1,2,1,0,0,2,2/5
Beck Malenstyn,Sabres,2024-12-05,Home,11:58,0,0,0,0,0,0,0,1,0/1
Ryan McLeod,Sabres,2024-12-05,Home,18:34,0,0,-1,2,0,0,0,0,4/13
JJ Peterka,Sabres,2024-12-05,Home,16:35,0,0,1,3,0,0,0,1,0/0
Tage Thompson,Sabres,2024-12-05,Home,20:09,1,0,-1,3,0,2,1,2,5/11
Alex Tuch,Sabres,2024-12-05,Home,21:49,0,1,-1,3,3,0,0,1,0/0
Jason Zucker,Sabres,2024-12-05,Home,14:25,0,1,0,5,1,2,0,1,1/3
Jacob Bryson,Sabres,2024-12-05,Home,14:52,0,0,0,0,0,2,0,0,0/0
Bowen Byram,Sabres,2024-12-05,Home,26:38,0,0,-2,1,2,2,0,3,0/0
Connor Clifton,Sabres,2024-12-05,Home,21:19,0,1,1,0,0,0,0,1,0/0
Dennis Gilbert,Sabres,2024-12-05,Home,07:21,0,0,1,0,1,15,0,0,0/0
Henri Jokiharju,Sabres,2024-12-05,Home,20:23,0,0,-1,3,1,0,0,1,0/0
Owen Power,Sabres,2024-12-05,Home,29:21,0,0,0,1,1,0,0,1,0/0
Nicolas Aube-Kubel,Sabres,2024-12-07,Home,14:21,0,0,1,1,0,0,3,1,0/0
Zach Benson,Sabres,2024-12-07,Home,16:27,0,0,-3,2,1,0,0,1,0/0
Dylan Cozens,Sabres,2024-12-07,Home,19:40,0,0,-3,0,0,0,0,0,13/18
Tyson Kozak,Sabres,2024-12-07,Home,12:09,1,0,1,1,2,0,1,1,7/14
Peyton Krebs,Sabres,2024-12-07,Home,14:08,0,0,1,0,0,0,1,0,2/3
Jiri Kulich,Sabres,2024-12-07,Home,14:30,1,0,1,2,0,0,0,1,8/12
Beck Malenstyn,Sabres,2024-12-07,Home,12:17,0,1,1,2,0,5,1,2,0/0
Ryan McLeod,Sabres,2024-12-07,Home,14:18,0,0,-1,0,0,0,0,0,4/7
JJ Peterka,Sabres,2024-12-07,Home,17:18,0,0,-3,2,0,0,0,0,0/0
Tage Thompson,Sabres,2024-12-07,Home,18:44,0,0,-2,1,1,0,0,0,2/6
Alex Tuch,Sabres,2024-12-07,Home,16:45,0,0,-2,2,2,0,0,1,0/0
Jason Zucker,Sabres,2024-12-07,Home,15:16,0,1,0,3,2,0,1,0,0/0
Jacob Bryson,Sabres,2024-12-07,Home,16:49,0,0,-1,1,1,0,0,0,0/0
Bowen Byram,Sabres,2024-12-07,Home,22:19,0,0,0,1,0,0,2,0,0/0
Connor Clifton,Sabres,2024-12-07,Home,17:26,0,0,-2,2,2,0,0,0,0/0
Dennis Gilbert,Sabres,2024-12-07,Home,14:13,0,1,-1,0,0,0,1,0,0/0
Henri Jokiharju,Sabres,2024-12-07,Home,20:14,0,0,-1,1,3,0,0,2,0/0
Owen Power,Sabres,2024-12-07,Home,23:06,0,1,-1,4,2,0,1,3,0/0
Nicolas Aube-Kubel,Sabres,2024-12-09,Home,10:35,1,0,-1,1,1,2,0,1,0/0
Zach Benson,Sabres,2024-12-09,Home,13:52,1,0,1,2,1,2,0,1,0/0
Dylan Cozens,Sabres,2024-12-09,Home,17:55,0,1,1,2,0,0,0,0,6/11
Jordan Greenway,Sabres,2024-12-09,Home,14:39,0,0,-2,0,1,0,1,1,0/3
Tyson Kozak,Sabres,2024-12-09,Home,09:11,0,0,-1,0,0,0,0,1,4/8
Peyton Krebs,Sabres,2024-12-09,Home,16:14,0,2,2,1,0,0,0,0,5/8
Beck Malenstyn,Sabres,2024-12-09,Home,11:54,0,1,1,1,1,0,0,0,1/1
Ryan McLeod,Sabres,2024-12-09,Home,17:13,0,2,0,1,0,0,0,1,8/15
JJ Peterka,Sabres,2024-12-09,Home,17:32,0,0,0,1,0,0,0,3,0/0
Tage Thompson,Sabres,2024-12-09,Home,18:48,1,0,0,1,0,0,0,2,4/14
Alex Tuch,Sabres,2024-12-09,Home,20:33,0,0,-1,2,0,0,1,0,0/2
Jason Zucker,Sabres,2024-12-09,Home,15:54,2,1,1,4,1,0,0,1,0/1
Jacob Bryson,Sabres,2024-12-09,Home,11:21,0,0,0,0,2,0,0,0,0/0
Bowen Byram,Sabres,2024-12-09,Home,28:11,0,0,-1,1,5,2,1,0,0/0
Connor Clifton,Sabres,2024-12-09,Home,17:08,0,0,-1,0,3,2,0,1,0/0
Ryan Johnson,Sabres,2024-12-09,Home,20:50,0,0,-2,0,2,0,0,1,0/0
Henri Jokiharju,Sabres,2024-12-09,Home,18:26,0,0,3,2,1,2,1,0,0/0
Owen Power,Sabres,2024-12-09,Home,24:57,0,1,1,2,4,0,0,1,0/0
Nicolas Aube-Kubel,Sabres,2024-12-11,Home,06:43,0,0,0,0,0,5,0,0,1/2
Zach Benson,Sabres,2024-12-11,Home,16:02,0,0,-2,0,0,0,0,1,0/0
Dylan Cozens,Sabres,2024-12-11,Home,17:18,0,0,1,1,4,0,0,1,7/15
Jordan Greenway,Sabres,2024-12-11,Home,14:16,0,0,0,3,1,2,0,0,0/1
Peyton Krebs,Sabres,2024-12-11,Home,17:10,0,1,0,2,1,0,1,0,5/13
Jiri Kulich,Sabres,2024-12-11,Home,12:49,0,0,-1,3,0,0,0,0,3/5
Beck Malenstyn,Sabres,2024-12-11,Home,07:36,0,0,0,0,0,0,0,0,1/1
Ryan McLeod,Sabres,2024-12-11,Home,16:46,0,0,-2,2,1,0,0,1,10/21
JJ Peterka,Sabres,2024-12-11,Home,15:17,0,1,1,3,2,0,0,0,0/0
Tage Thompson,Sabres,2024-12-11,Home,20:26,1,0,1,5,1,0,0,0,4/9
Alex Tuch,Sabres,2024-12-11,Home,19:48,0,0,1,1,0,0,1,1,1/2
Jason Zucker,Sabres,2024-12-11,Home,18:08,0,0,1,2,2,0,0,1,0/0
Bowen Byram,Sabres,2024-12-11,Home,25:25,0,1,-1,2,3,0,3,0,0/0
Connor Clifton,Sabres,2024-12-11,Home,16:39,0,0,0,1,1,2,0,0,0/0
Ryan Johnson,Sabres,2024-12-11,Home,17:25,0,0,0,1,2,4,0,1,0/0
Henri Jokiharju,Sabres,2024-12-11,Home,15:58,0,0,0,1,2,0,1,2,0/0
Owen Power,Sabres,2024-12-11,Home,22:33,1,1,1,3,0,0,0,1,0/0
Mattias Samuelsson,Sabres,2024-12-11,Home,15:58,0,0,0,1,1,0,0,1,0/0
Nicolas Aube-Kubel,Sabres,2024-12-14,Away,09:46,0,0,0,0,0,0,1,1,0/0
Zach Benson,Sabres,2024-12-14,Away,18:58,0,0,1,2,0,2,0,2,0/0
Dylan Cozens,Sabres,2024-12-14,Away,12:15,0,0,-1,2,0,5,0,1,5/12
Jordan Greenway,Sabres,2024-12-14,Away,14:51,0,1,-1,1,1,0,1,0,0/0
Peyton Krebs,Sabres,2024-12-14,Away,13:30,0,0,-1,1,0,0,1,0,7/10
Jiri Kulich,Sabres,2024-12-14,Away,18:36,1,0,1,2,1,0,1,0,3/11
Beck Malenstyn,Sabres,2024-12-14,Away,10:21,0,0,0,0,2,0,0,0,0/0
Ryan McLeod,Sabres,2024-12-14,Away,17:52,0,1,0,0,0,0,1,2,14/17
JJ Peterka,Sabres,2024-12-14,Away,16:31,0,0,-1,1,0,0,2,0,0/0
Tage Thompson,Sabres,2024-12-14,Away,19:12,0,1,1,1,0,0,0,0,2/6
Alex Tuch,Sabres,2024-12-14,Away,16:51,0,0,0,1,0,0,0,1,0/1
Jason Zucker,Sabres,2024-12-14,Away,15:33,1,0,-1,4,0,0,1,1,0/0
Bowen Byram,Sabres,2024-12-14,Away,26:29,0,1,0,1,2,2,0,0,0/0
Connor Clifton,Sabres,2024-12-14,Away,14:32,0,0,1,1,2,0,0,2,0/0
Dennis Gilbert,Sabres,2024-12-14,Away,11:37,0,0,2,0,1,0,0,0,0/0
Ryan Johnson,Sabres,2024-12-14,Away,14:45,0,0,0,2,0,0,0,0,0/0
Owen Power,Sabres,2024-12-14,Away,28:33,0,0,-1,1,1,2,0,0,0/0
Mattias Samuelsson,Sabres,2024-12-14,Away,18:36,0,0,-1,1,1,0,0,1,0/0
Zach Benson,Sabres,2024-12-15,Away,17:27,0,1,0,1,1,0,0,1,0/2
Dylan Cozens,Sabres,2024-12-15,Away,14:33,0,0,-2,0,0,10,0,0,13/19
Jordan Greenway,Sabres,2024-12-15,Away,14:13,0,0,-1,0,1,0,0,2,0/0
Peyton Krebs,Sabres,2024-12-15,Away,12:57,0,0,0,0,0,0,0,0,1/4
Jiri Kulich,Sabres,2024-12-15,Away,12:23,0,0,-1,2,1,0,0,1,4/9
Beck Malenstyn,Sabres,2024-12-15,Away,10:58,0,0,0,3,0,0,0,0,0/0
Ryan McLeod,Sabres,2024-12-15,Away,12:43,0,0,0,1,0,2,0,0,6/8
JJ Peterka,Sabres,2024-12-15,Away,17:33,0,2,-2,0,0,2,0,0,0/0
Jack Quinn,Sabres,2024-12-15,Away,18:18,2,0,-1,5,0,0,0,1,0/2
Tage Thompson,Sabres,2024-12-15,Away,17:11,0,1,1,2,0,0,0,0,4/19
Alex Tuch,Sabres,2024-12-15,Away,18:25,1,0,1,2,0,0,0,0,1/4
Jason Zucker,Sabres,2024-12-15,Away,09:51,0,0,-2,0,0,0,0,2,0/0
Jacob Bryson,Sabres,2024-12-15,Away,13:05,0,0,-2,0,1,0,0,0,0/0
Bowen Byram,Sabres,2024-12-15,Away,25:53,0,1,-1,3,4,0,0,0,0/0
Dennis Gilbert,Sabres,2024-12-15,Away,10:47,0,0,-2,0,0,0,0,0,0/0
Henri Jokiharju,Sabres,2024-12-15,Away,20:59,0,0,0,3,1,4,0,0,0/0
Owen Power,Sabres,2024-12-15,Away,24:44,0,0,0,3,5,0,1,2,0/0
Mattias Samuelsson,Sabres,2024-12-15,Away,23:08,0,1,1,2,2,0,0,2,0/0
Nicolas Aube-Kubel,Sabres,2024-12-17,Away,11:12,0,0,-1,1,1,0,1,0,0/0
Zach Benson,Sabres,2024-12-17,Away,17:14,0,0,-1,3,4,2,0,0,0/0
Dylan Cozens,Sabres,2024-12-17,Away,16:48,1,0,0,3,1,2,1,2,4/12
Peyton Krebs,Sabres,2024-12-17,Away,13:59,0,0,-1,0,0,0,0,0,3/6
Jiri Kulich,Sabres,2024-12-17,Away,13:54,0,0,0,1,0,0,0,0,3/5
Beck Malenstyn,Sabres,2024-12-17,Away,12:00,0,0,0,0,1,0,1,1,0/0
Ryan McLeod,Sabres,2024-12-17,Away,12:53,0,0,-1,1,1,0,1,1,9/14
JJ Peterka,Sabres,2024-12-17,Away,17:55,0,1,0,0,0,0,1,1,0/0
Jack Quinn,Sabres,2024-12-17,Away,17:19,0,0,-1,1,3,0,0,0,0/0
Tage Thompson,Sabres,2024-12-17,Away,17:08,0,0,0,0,0,0,0,0,10/18
Alex Tuch,Sabres,2024-12-17,Away,14:34,0,0,0,2,1,2,1,0,0/1
Jason Zucker,Sabres,2024-12-17,Away,12:35,0,0,-1,2,0,0,0,0,0/0
Bowen Byram,Sabres,2024-12-17,Away,24:11,0,0,-1,0,1,2,0,2,0/0
Connor Clifton,Sabres,2024-12-17,Away,14:18,0,0,0,2,1,0,1,1,0/0
Dennis Gilbert,Sabres,2024-12-17,Away,11:55,0,0,1,1,1,2,0,0,0/0
Henri Jokiharju,Sabres,2024-12-17,Away,18:19,0,0,-1,0,0,0,0,1,0/0
Owen Power,Sabres,2024-12-17,Away,23:39,0,1,-1,1,0,0,0,1,0/0
Mattias Samuelsson,Sabres,2024-12-17,Away,20:39,0,0,-2,3,2,2,1,1,0/0
Zach Benson,Sabres,2024-12-20,Home,12:41,0,0,-2,0,0,0,0,1,0/0
Dylan Cozens,Sabres,2024-12-20,Home,17:30,0,1,-2,2,1,2,1,0,9/18
Peyton Krebs,Sabres,2024-12-20,Home,11:32,0,0,-2,1,0,0,0,0,1/3
Jiri Kulich,Sabres,2024-12-20,Home,14:25,0,1,0,2,0,0,2,0,0/1
Sam Lafferty,Sabres,2024-12-20,Home,08:16,0,0,0,1,0,0,0,1,0/0
Beck Malenstyn,Sabres,2024-12-20,Home,11:20,0,0,-1,1,0,0,0,2,0/0
Ryan McLeod,Sabres,2024-12-20,Home,14:47,0,0,0,1,0,0,0,0,2/9
JJ Peterka,Sabres,2024-12-20,Home,16:00,1,1,0,2,0,0,0,1,0/0
Jack Quinn,Sabres,2024-12-20,Home,15:37,0,0,-2,1,2,0,0,0,0/0
Tage Thompson,Sabres,2024-12-20,Home,15:55,0,0,0,0,0,5,0,0,7/14
Alex Tuch,Sabres,2024-12-20,Home,20:09,0,0,0,2,1,0,0,1,1/2
Jason Zucker,Sabres,2024-12-20,Home,17:07,0,0,1,1,0,8,0,1,0/0
Bowen Byram,Sabres,2024-12-20,Home,23:43,0,0,-1,2,2,0,0,0,0/0
Connor Clifton,Sabres,2024-12-20,Home,12:56,0,1,-1,0,4,0,0,0,0/0
Rasmus Dahlin,Sabres,2024-12-20,Home,27:33,0,0,-1,5,0,0,0,1,0/0
Dennis Gilbert,Sabres,2024-12-20,Home,08:07,0,0,-2,1,0,0,0,0,0/0
Owen Power,Sabres,2024-12-20,Home,23:33,1,1,1,3,1,0,0,0,0/0
Mattias Samuelsson,Sabres,2024-12-20,Home,21:25,1,1,0,2,2,0,0,0,0/0
Nicolas Aube-Kubel,Sabres,2024-12-21,Away,11:31,0,0,0,2,0,0,0,3,0/0
Zach Benson,Sabres,2024-12-21,Away,14:22,0,0,-1,2,1,0,0,1,0/0
Dylan Cozens,Sabres,2024-12-21,Away,14:34,0,0,-1,1,0,0,0,1,2/6
Peyton Krebs,Sabres,2024-12-21,Away,13:47,0,0,-1,0,0,0,0,1,2/7
Jiri Kulich,Sabres,2024-12-21,Away,12:24,0,0,-1,2,1,0,0,0,4/7
Sam Lafferty,Sabres,2024-12-21,Away,13:32,0,0,0,1,0,2,0,1,0/0
Beck Malenstyn,Sabres,2024-12-21,Away,13:45,0,0,0,1,3,2,0,2,0/0
Ryan McLeod,Sabres,2024-12-21,Away,14:06,0,0,0,0,0,0,0,1,5/10
JJ Peterka,Sabres,2024-12-21,Away,17:39,1,0,-1,4,0,0,1,3,0/0
Tage Thompson,Sabres,2024-12-21,Away,17:27,0,0,-1,2,2,0,1,0,5/15
Alex Tuch,Sabres,2024-12-21,Away,19:10,0,0,-1,2,3,0,0,3,0/0
Jason Zucker,Sabres,2024-12-21,Away,18:09,0,1,-1,1,1,0,0,0,0/0
Jacob Bryson,Sabres,2024-12-21,Away,13:56,0,0,0,0,1,0,0,2,0/0
Bowen Byram,Sabres,2024-12-21,Away,22:58,0,0,-1,1,2,0,1,2,0/0
Connor Clifton,Sabres,2024-12-21,Away,17:35,0,0,0,0,4,0,0,1,0/0
Henri Jokiharju,Sabres,2024-12-21,Away,13:19,0,0,0,0,0,0,0,1,0/0
Owen Power,Sabres,2024-12-21,Away,24:15,0,0,-2,1,2,2,1,2,0/0
Mattias Samuelsson,Sabres,2024-12-21,Away,22:31,0,0,0,0,2,0,0,1,0/0
Zach Benson,Sabres,2024-12-23,Away,13:43,1,0,0,2,0,0,0,0,0/0
Dylan Cozens,Sabres,2024-12-23,Away,15:22,0,2,3,2,2,2,0,1,8/16
Peyton Krebs,Sabres,2024-12-23,Away,12:05,0,0,0,1,1,2,0,3,1/2
Jiri Kulich,Sabres,2024-12-23,Away,14:57,2,1,2,3,0,0,0,1,2/9
Sam Lafferty,Sabres,2024-12-23,Away,11:50,0,0,1,0,0,0,0,0,0/1
Beck Malenstyn,Sabres,2024-12-23,Away,13:16,1,0,1,1,2,0,0,0,0/0
Ryan McLeod,Sabres,2024-12-23,Away,13:38,0,1,1,0,0,2,0,1,8/14
JJ Peterka,Sabres,2024-12-23,Away,18:01,0,1,1,4,1,0,1,0,0/0
Jack Quinn,Sabres,2024-12-23,Away,15:10,1,1,1,2,1,0,0,1,0/1
Tage Thompson,Sabres,2024-12-23,Away,17:04,1,0,1,1,1,0,0,0,7/20
Alex Tuch,Sabres,2024-12-23,Away,16:33,0,0,3,0,5,0,0,0,0/0
Jason Zucker,Sabres,2024-12-23,Away,15:53,1,0,1,2,1,0,0,0,1/1
Jacob Bryson,Sabres,2024-12-23,Away,15:30,0,1,2,0,3,0,0,1,0/0
Bowen Byram,Sabres,2024-12-23,Away,21:07,0,0,4,1,3,0,0,1,0/0
Connor Clifton,Sabres,2024-12-23,Away,15:38,0,0,1,2,4,0,0,1,0/0
Rasmus Dahlin,Sabres,2024-12-23,Away,23:11,0,4,4,1,2,0,0,1,0/0
Owen Power,Sabres,2024-12-23,Away,20:05,0,0,-1,2,2,2,0,2,0/0
Mattias Samuelsson,Sabres,2024-12-23,Away,20:57,0,0,0,1,2,0,1,3,0/0
Zach Benson,Sabres,2024-12-27,Home,15:43,1,0,1,6,0,0,0,0,0/0
Dylan Cozens,Sabres,2024-12-27,Home,15:56,1,1,2,1,1,0,0,1,4/12
Peyton Krebs,Sabres,2024-12-27,Home,15:36,0,0,0,3,1,2,0,0,1/3
Jiri Kulich,Sabres,2024-12-27,Home,15:55,0,0,1,2,2,0,0,1,4/9
Sam Lafferty,Sabres,2024-12-27,Home,10:53,0,1,-1,0,0,0,0,0,0/0
Beck Malenstyn,Sabres,2024-12-27,Home,10:58,0,0,-1,2,0,0,0,1,0/0
Ryan McLeod,Sabres,2024-12-27,Home,11:56,0,1,-1,3,0,0,0,0,3/6
JJ Peterka,Sabres,2024-12-27,Home,16:16,0,1,3,2,0,0,0,1,0/0
Jack Quinn,Sabres,2024-12-27,Home,14:48,1,1,2,4,0,0,0,1,0/0
Tage Thompson,Sabres,2024-12-27,Home,16:49,0,1,2,1,0,0,2,0,11/17
Alex Tuch,Sabres,2024-12-27,Home,16:26,3,0,2,3,0,2,1,0,1/1
Jason Zucker,Sabres,2024-12-27,Home,16:35,0,0,2,1,0,0,0,0,1/1
Jacob Bryson,Sabres,2024-12-27,Home,15:29,0,0,2,0,0,0,0,0,0/0
Bowen Byram,Sabres,2024-12-27,Home,21:37,0,1,3,0,1,0,0,1,0/0
Connor Clifton,Sabres,2024-12-27,Home,18:52,0,0,1,1,1,0,2,2,0/0
Rasmus Dahlin,Sabres,2024-12-27,Home,21:17,0,2,3,3,1,0,0,0,0/0
Owen Power,Sabres,2024-12-27,Home,20:50,0,0,0,3,4,0,0,0,0/0
Mattias Samuelsson,Sabres,2024-12-27,Home,20:18,0,0,-1,0,2,0,0,0,0/0
Zach Benson,Sabres,2024-12-29,Away,12:56,0,0,2,1,0,0,0,0,0/0
Dylan Cozens,Sabres,2024-12-29,Away,13:55,0,0,-1,0,1,0,0,1,4/15
Peyton Krebs,Sabres,2024-12-29,Away,11:44,1,0,2,2,2,0,0,1,0/0
Jiri Kulich,Sabres,2024-12-29,Away,12:28,1,0,1,2,0,0,0,0,7/14
Sam Lafferty,Sabres,2024-12-29,Away,10:34,0,0,-1,0,1,2,0,0,0/0
Beck Malenstyn,Sabres,2024-12-29,Away,11:38,0,0,-1,0,1,0,0,0,1/1
Ryan McLeod,Sabres,2024-12-29,Away,15:03,0,0,-1,0,2,0,1,1,5/10
JJ Peterka,Sabres,2024-12-29,Away,15:17,0,0,0,1,0,2,0,0,0/0
Jack Quinn,Sabres,2024-12-29,Away,14:48,0,2,0,0,0,0,0,0,0/0
Tage Thompson,Sabres,2024-12-29,Away,19:18,1,1,0,2,1,0,0,0,6/19
Alex Tuch,Sabres,2024-12-29,Away,19:29,0,0,0,2,4,2,1,0,0/0
Jason Zucker,Sabres,2024-12-29,Away,18:13,1,1,0,1,1,0,0,2,1/1
Jacob Bryson,Sabres,2024-12-29,Away,12:14,0,0,1,0,1,0,0,0,0/0
Bowen Byram,Sabres,2024-12-29,Away,24:45,0,1,0,1,4,0,0,0,0/0
Connor Clifton,Sabres,2024-12-29,Away,14:14,0,0,1,1,2,0,0,1,0/0
Rasmus Dahlin,Sabres,2024-12-29,Away,23:38,0,1,-1,2,3,2,0,3,0/0
Owen Power,Sabres,2024-12-29,Away,18:43,0,0,-1,1,0,0,0,0,0/0
Mattias Samuelsson,Sabres,2024-12-29,Away,23:19,0,1,0,0,1,0,1,2,0/0
Zach Benson,Sabres,2024-12-31,Away,14:54,0,0,0,1,0,0,0,0,0/0
Dylan Cozens,Sabres,2024-12-31,Away,16:26,0,0,-2,1,1,0,1,1,6/14
Peyton Krebs,Sabres,2024-12-31,Away,15:26,0,0,-1,0,0,0,0,1,0/1
Jiri Kulich,Sabres,2024-12-31,Away,14:50,0,0,-1,2,0,0,0,1,4/13
Sam Lafferty,Sabres,2024-12-31,Away,10:08,0,1,0,3,1,0,0,0,0/0
Beck Malenstyn,Sabres,2024-12-31,Away,11:14,1,0,0,1,2,0,0,0,1/1
Ryan McLeod,Sabres,2024-12-31,Away,12:14,0,1,0,0,0,0,0,0,1/8
JJ Peterka,Sabres,2024-12-31,Away,15:51,0,0,-1,1,0,0,0,2,0/0
Jack Quinn,Sabres,2024-12-31,Away,15:09,0,0,-1,0,0,0,0,1,0/0
Tage Thompson,Sabres,2024-12-31,Away,18:35,0,1,-1,1,1,0,1,0,0/0
Alex Tuch,Sabres,2024-12-31,Away,18:23,0,0,0,2,1,0,0,1,0/4
Jason Zucker,Sabres,2024-12-31,Away,17:04,1,0,0,4,1,0,1,1,1/8
Jacob Bryson,Sabres,2024-12-31,Away,15:19,0,0,0,0,1,0,0,0,0/0
Bowen Byram,Sabres,2024-12-31,Away,24:46,0,1,-1,1,5,0,0,4,0/0
Connor Clifton,Sabres,2024-12-31,Away,14:31,0,0,1,1,0,2,1,1,0/0
Rasmus Dahlin,Sabres,2024-12-31,Away,22:32,0,0,-2,3,2,0,0,1,0/0
Owen Power,Sabres,2024-12-31,Away,21:28,0,0,-1,2,2,0,0,0,0/0
Mattias Samuelsson,Sabres,2024-12-31,Away,21:10,0,0,-1,0,1,0,0,0,0/0
Zach Benson,Sabres,2025-01-02,Away,09:34,1,0,1,1,0,2,0,0,0/0
Dylan Cozens,Sabres,2025-01-02,Away,18:52,0,1,-2,1,0,2,0,0,15/22
Peyton Krebs,Sabres,2025-01-02,Away,08:42,0,1,0,0,0,0,0,0,6/10
Jiri Kulich,Sabres,2025-01-02,Away,16:36,0,0,-1,1,0,0,0,0,6/13
Sam Lafferty,Sabres,2025-01-02,Away,10:11,0,0,0,0,0,0,0,1,0/0
Beck Malenstyn,Sabres,2025-01-02,Away,15:59,0,0,-1,0,2,0,0,0,1/1
Ryan McLeod,Sabres,2025-01-02,Away,15:17,0,0,0,3,0,0,0,1,6/16
JJ Peterka,Sabres,2025-01-02,Away,11:53,0,1,1,2,0,0,0,2,1/1
Jack Quinn,Sabres,2025-01-02,Away,15:22,0,1,-1,0,0,0,0,0,0/0
Tage Thompson,Sabres,2025-01-02,Away,19:43,0,3,-1,4,1,0,2,0,0/0
Alex Tuch,Sabres,2025-01-02,Away,19:24,0,0,-2,0,4,2,0,0,0/0
Jason Zucker,Sabres,2025-01-02,Away,18:14,3,1,1,4,2,0,0,0,2/4
Jacob Bryson,Sabres,2025-01-02,Away,13:20,0,0,1,1,0,0,0,0,0/0
Bowen Byram,Sabres,2025-01-02,Away,21:15,1,0,0,1,0,0,0,0,0/0
Connor Clifton,Sabres,2025-01-02,Away,12:59,0,0,1,0,0,2,1,1,0/0
Rasmus Dahlin,Sabres,2025-01-02,Away,23:17,0,1,-2,1,0,0,1,1,0/0
Owen Power,Sabres,2025-01-02,Away,22:06,0,0,-1,2,0,0,0,1,0/0
Mattias Samuelsson,Sabres,2025-01-02,Away,24:27,0,0,-2,0,0,0,0,0,0/0
Nicolas Aube-Kubel,Sabres,2025-01-04,Away,10:26,0,0,-1,1,1,0,0,0,0/0
Zach Benson,Sabres,2025-01-04,Away,12:24,0,0,-1,2,0,0,0,1,0/0
Dylan Cozens,Sabres,2025-01-04,Away,19:25,0,0,-2,2,2,2,0,1,14/21
Peyton Krebs,Sabres,2025-01-04,Away,12:55,0,0,-1,0,0,0,0,0,4/6
Jiri Kulich,Sabres,2025-01-04,Away,14:37,0,0,0,0,0,0,0,2,2/9
Beck Malenstyn,Sabres,2025-01-04,Away,10:16,0,0,0,1,0,0,1,1,1/1
Ryan McLeod,Sabres,2025-01-04,Away,11:17,0,0,0,0,0,0,0,1,4/7
JJ Peterka,Sabres,2025-01-04,Away,17:31,0,1,-1,2,0,0,0,4,0/0
Jack Quinn,Sabres,2025-01-04,Away,15:04,0,0,0,2,0,0,1,0,0/0
Tage Thompson,Sabres,2025-01-04,Away,20:42,0,0,-1,5,0,0,0,2,0/0
Alex Tuch,Sabres,2025-01-04,Away,16:56,0,0,0,1,3,2,1,2,0/0
Jason Zucker,Sabres,2025-01-04,Away,21:44,1,0,-2,3,0,0,0,2,2/3
Bowen Byram,Sabres,2025-01-04,Away,24:16,0,0,-2,0,0,0,0,2,0/0
Connor Clifton,Sabres,2025-01-04,Away,13:01,0,0,0,1,0,0,1,0,0/0
Rasmus Dahlin,Sabres,2025-01-04,Away,25:28,0,1,-2,3,3,0,1,0,0/0
Dennis Gilbert,Sabres,2025-01-04,Away,08:38,0,0,0,0,1,0,0,1,0/0
Owen Power,Sabres,2025-01-04,Away,23:44,0,0,-1,1,1,0,0,2,0/0
Mattias Samuelsson,Sabres,2025-01-04,Away,19:55,0,0,-1,0,0,0,0,1,0/0
Nicolas Aube-Kubel,Sabres,2025-01-06,Home,06:19,0,0,0,1,0,2,0,0,0/0
Zach Benson,Sabres,2025-01-06,Home,13:52,0,0,0,1,3,0,0,0,0/0
Dylan Cozens,Sabres,2025-01-06,Home,18:14,0,0,-2,3,0,0,0,1,7/9
Peyton Krebs,Sabres,2025-01-06,Home,14:33,0,0,0,0,0,0,0,0,3/11
Jiri Kulich,Sabres,2025-01-06,Home,05:18,0,0,0,1,0,2,0,0,1/4
Sam Lafferty,Sabres,2025-01-06,Home,07:12,0,0,0,0,1,0,0,1,2/2
Ryan McLeod,Sabres,2025-01-06,Home,21:44,0,0,2,1,2,0,0,1,11/25
JJ Peterka,Sabres,2025-01-06,Home,23:37,0,2,0,4,1,0,0,0,0/1
Jack Quinn,Sabres,2025-01-06,Home,14:26,0,0,0,2,0,0,0,1,0/0
Tage Thompson,Sabres,2025-01-06,Home,23:48,1,0,-2,6,0,2,0,0,2/3
Alex Tuch,Sabres,2025-01-06,Home,19:36,2,0,2,3,2,0,2,1,1/1
Jason Zucker,Sabres,2025-01-06,Home,21:33,0,0,-1,2,0,0,0,0,1/5
Bowen Byram,Sabres,2025-01-06,Home,28:57,0,0,0,1,3,0,0,0,0/0
Connor Clifton,Sabres,2025-01-06,Home,14:20,0,0,-2,0,1,0,0,1,0/0
Rasmus Dahlin,Sabres,2025-01-06,Home,29:58,0,1,0,1,3,0,0,1,0/0
Henri Jokiharju,Sabres,2025-01-06,Home,11:46,0,0,1,0,1,0,0,1,0/0
Owen Power,Sabres,2025-01-06,Home,19:36,0,0,0,1,1,0,0,0,0/0
Mattias Samuelsson,Sabres,2025-01-06,Home,15:41,0,0,1,0,4,0,0,2,0/0
Zach Benson,Sabres,2025-01-09,Away,15:47,0,1,2,0,0,0,1,0,0/0
Dylan Cozens,Sabres,2025-01-09,Away,17:24,1,0,1,1,0,0,1,0,4/14
Tyson Kozak,Sabres,2025-01-09,Away,07:23,0,0,0,1,2,0,0,1,3/6
Peyton Krebs,Sabres,2025-01-09,Away,13:52,0,1,1,0,2,0,0,0,2/12
Sam Lafferty,Sabres,2025-01-09,Away,07:37,0,0,0,1,0,0,0,0,4/8
Ryan McLeod,Sabres,2025-01-09,Away,20:14,1,2,3,5,1,0,0,2,12/21
JJ Peterka,Sabres,2025-01-09,Away,18:40,0,0,0,1,0,0,0,1,0/0
Jack Quinn,Sabres,2025-01-09,Away,17:50,2,0,3,3,0,4,0,0,0/0
Tage Thompson,Sabres,2025-01-09,Away,20:05,0,0,1,3,1,0,0,0,0/1
Alex Tuch,Sabres,2025-01-09,Away,19:52,0,1,0,2,0,0,0,0,0/1
Jason Zucker,Sabres,2025-01-09,Away,17:43,0,0,1,1,0,2,1,0,0/2
Jacob Bryson,Sabres,2025-01-09,Away,11:21,0,0,1,0,1,0,0,2,0/0
Bowen Byram,Sabres,2025-01-09,Away,22:16,0,0,2,0,3,0,0,1,0/0
Connor Clifton,Sabres,2025-01-09,Away,18:41,0,0,1,1,0,0,0,1,0/0
Rasmus Dahlin,Sabres,2025-01-09,Away,20:18,0,1,1,1,2,0,0,1,0/0
Dennis Gilbert,Sabres,2025-01-09,Away,09:58,0,0,0,0,0,9,0,1,0/0
Henri Jokiharju,Sabres,2025-01-09,Away,15:36,0,0,2,1,2,0,0,1,0/0
Owen Power,Sabres,2025-01-09,Away,17:23,0,0,1,0,1,0,1,1,0/0
Zach Benson,Sabres,2025-01-11,Home,17:23,0,0,0,1,0,0,0,1,0/1
Dylan Cozens,Sabres,2025-01-11,Home,19:20,0,0,-4,1,0,0,1,0,8/18
Tyson Kozak,Sabres,2025-01-11,Home,09:44,0,0,0,1,0,0,0,0,3/5
Peyton Krebs,Sabres,2025-01-11,Home,13:48,0,1,1,1,0,0,0,1,4/13
Sam Lafferty,Sabres,2025-01-11,Home,12:26,1,0,1,5,0,0,0,0,2/4
Ryan McLeod,Sabres,2025-01-11,Home,16:00,0,0,-1,0,1,2,0,1,3/11
JJ Peterka,Sabres,2025-01-11,Home,21:19,0,2,-1,4,0,0,0,3,0/1
Jack Quinn,Sabres,2025-01-11,Home,15:24,1,0,-2,1,0,0,0,0,0/0
Tage Thompson,Sabres,2025-01-11,Home,21:49,0,0,-4,6,0,0,0,2,1/1
Alex Tuch,Sabres,2025-01-11,Home,15:21,0,0,0,3,1,0,0,1,1/3
Jason Zucker,Sabres,2025-01-11,Home,19:09,0,0,-4,0,1,0,0,1,2/7
Jacob Bryson,Sabres,2025-01-11,Home,08:09,0,0,-1,0,0,2,0,0,0/0
Bowen Byram,Sabres,2025-01-11,Home,24:17,0,0,-2,3,0,0,0,0,0/0
Connor Clifton,Sabres,2025-01-11,Home,13:27,0,0,0,0,0,0,0,1,0/0
Rasmus Dahlin,Sabres,2025-01-11,Home,23:42,0,1,-2,5,0,4,0,1,0/0
Dennis Gilbert,Sabres,2025-01-11,Home,05:40,0,0,-1,0,0,7,0,0,0/0
Henri Jokiharju,Sabres,2025-01-11,Home,16:51,0,0,-1,2,0,0,1,0,0/0
Owen Power,Sabres,2025-01-11,Home,20:15,0,0,0,2,0,0,0,2,0/0
Zach Benson,Sabres,2025-01-15,Home,14:18,0,0,-1,2,1,0,0,0,0/1
Dylan Cozens,Sabres,2025-01-15,Home,13:38,1,0,1,1,0,0,0,1,6/13
Tyson Kozak,Sabres,2025-01-15,Home,12:16,0,0,-1,0,4,0,0,1,6/10
Peyton Krebs,Sabres,2025-01-15,Home,12:55,0,0,-1,2,1,0,0,1,1/5
Sam Lafferty,Sabres,2025-01-15,Home,13:25,0,0,-1,0,0,2,0,0,6/7
Beck Malenstyn,Sabres,2025-01-15,Home,15:05,0,1,-1,1,1,0,0,0,1/1
Ryan McLeod,Sabres,2025-01-15,Home,17:06,3,0,3,3,2,2,0,1,7/16
JJ Peterka,Sabres,2025-01-15,Home,13:35,0,0,2,2,0,0,0,4,0/0
Jack Quinn,Sabres,2025-01-15,Home,13:25,0,0,-1,0,0,0,0,1,0/0
Tage Thompson,Sabres,2025-01-15,Home,15:00,0,1,2,1,1,0,0,0,0/0
Alex Tuch,Sabres,2025-01-15,Home,18:44,0,1,2,3,4,0,1,1,0/1
Jason Zucker,Sabres,2025-01-15,Home,16:01,0,2,2,2,2,0,2,1,1/2
Bowen Byram,Sabres,2025-01-15,Home,21:34,0,0,2,2,3,0,0,0,0/0
Connor Clifton,Sabres,2025-01-15,Home,16:37,0,1,1,1,1,2,0,1,0/0
Rasmus Dahlin,Sabres,2025-01-15,Home,21:23,0,0,-1,1,1,0,1,5,0/0
Henri Jokiharju,Sabres,2025-01-15,Home,15:53,0,0,0,1,0,0,0,0,0/0
Owen Power,Sabres,2025-01-15,Home,23:10,0,0,1,1,1,0,0,1,0/0
Mattias Samuelsson,Sabres,2025-01-15,Home,19:55,0,0,1,1,3,0,1,1,0/0
Zach Benson,Sabres,2025-01-17,Home,18:22,1,1,1,2,1,0,1,0,0/2
Dylan Cozens,Sabres,2025-01-17,Home,17:42,0,0,-2,6,2,0,0,0,4/15
Tyson Kozak,Sabres,2025-01-17,Home,07:04,0,0,0,0,2,0,0,2,2/5
Peyton Krebs,Sabres,2025-01-17,Home,12:06,0,0,-1,1,0,2,0,1,7/10
Sam Lafferty,Sabres,2025-01-17,Home,09:06,0,0,-1,0,0,0,0,0,1/2
Beck Malenstyn,Sabres,2025-01-17,Home,08:18,0,0,0,2,3,0,0,0,0/0
Ryan McLeod,Sabres,2025-01-17,Home,16:56,0,0,-1,1,1,0,0,1,9/17
JJ Peterka,Sabres,2025-01-17,Home,17:49,0,0,0,2,0,0,0,0,0/0
Jack Quinn,Sabres,2025-01-17,Home,17:05,0,0,1,3,0,2,0,1,0/0
Tage Thompson,Sabres,2025-01-17,Home,20:46,0,1,1,7,0,2,0,0,1/2
Alex Tuch,Sabres,2025-01-17,Home,20:23,0,1,0,1,0,0,0,0,0/1
Jason Zucker,Sabres,2025-01-17,Home,16:23,0,0,0,2,0,10,0,0,2/4
Bowen Byram,Sabres,2025-01-17,Home,20:15,0,1,-1,3,0,0,0,2,0/0
Connor Clifton,Sabres,2025-01-17,Home,12:30,0,0,0,1,2,0,0,1,0/0
Rasmus Dahlin,Sabres,2025-01-17,Home,27:56,0,0,1,5,0,2,0,0,0/0
Henri Jokiharju,Sabres,2025-01-17,Home,14:33,0,0,-1,2,1,2,0,0,0/0
Owen Power,Sabres,2025-01-17,Home,22:38,1,0,-2,2,1,0,0,0,0/0
Mattias Samuelsson,Sabres,2025-01-17,Home,14:53,0,0,0,2,3,0,0,1,0/0
Nicolas Aube-Kubel,Sabres,2025-01-20,Away,06:50,0,0,-1,0,0,0,0,0,1/1
Zach Benson,Sabres,2025-01-20,Away,13:51,0,0,0,3,1,2,0,0,0/0
Dylan Cozens,Sabres,2025-01-20,Away,18:29,0,1,0,2,3,0,0,1,7/10
Peyton Krebs,Sabres,2025-01-20,Away,16:05,0,2,0,2,0,0,0,1,7/13
Jiri Kulich,Sabres,2025-01-20,Away,16:26,0,0,0,6,0,2,0,0,3/12
Sam Lafferty,Sabres,2025-01-20,Away,10:06,0,0,-1,1,0,0,0,0,3/5
Beck Malenstyn,Sabres,2025-01-20,Away,08:07,0,0,-1,1,0,0,0,1,0/0
JJ Peterka,Sabres,2025-01-20,Away,16:05,0,0,0,1,0,0,0,0,0/0
Jack Quinn,Sabres,2025-01-20,Away,17:38,1,0,-1,2,0,0,1,2,0/0
Tage Thompson,Sabres,2025-01-20,Away,21:05,1,1,-1,1,0,0,0,1,1/2
Alex Tuch,Sabres,2025-01-20,Away,17:42,1,0,-1,2,0,0,1,1,0/0
Jason Zucker,Sabres,2025-01-20,Away,22:19,1,1,-1,1,1,0,0,2,3/9
Jacob Bryson,Sabres,2025-01-20,Away,12:17,0,0,-1,0,1,0,0,3,0/0
Bowen Byram,Sabres,2025-01-20,Away,18:03,0,0,0,1,0,0,0,1,0/0
Connor Clifton,Sabres,2025-01-20,Away,14:52,0,0,-1,2,0,0,0,0,0/0
Rasmus Dahlin,Sabres,2025-01-20,Away,25:03,0,1,-2,1,0,0,0,1,0/0
Owen Power,Sabres,2025-01-20,Away,23:54,0,1,0,1,2,0,2,1,0/0
Mattias Samuelsson,Sabres,2025-01-20,Away,19:55,0,1,1,2,0,0,0,0,0/0
Zach Benson,Sabres,2025-01-21,Away,17:21,0,0,0,0,1,0,0,1,0/2
Dylan Cozens,Sabres,2025-01-21,Away,16:38,0,0,0,3,0,0,0,3,4/8
Tyson Kozak,Sabres,2025-01-21,Away,16:06,0,0,0,0,2,0,0,1,2/3
Peyton Krebs,Sabres,2025-01-21,Away,21:42,0,0,0,3,0,0,0,3,8/13
Jiri Kulich,Sabres,2025-01-21,Away,17:47,1,2,1,3,0,0,0,0,9/20
Sam Lafferty,Sabres,2025-01-21,Away,06:28,0,0,-1,0,0,0,0,1,1/1
Beck Malenstyn,Sabres,2025-01-21,Away,07:48,0,0,0,1,0,0,0,0,0/0
JJ Peterka,Sabres,2025-01-21,Away,21:08,1,1,1,4,0,0,0,1,0/0
Jack Quinn,Sabres,2025-01-21,Away,17:58,0,0,0,1,0,2,1,0,1/1
Tage Thompson,Sabres,2025-01-21,Away,19:17,1,0,2,5,1,0,0,2,0/1
Alex Tuch,Sabres,2025-01-21,Away,19:47,0,0,0,2,1,0,1,2,0/1
Bowen Byram,Sabres,2025-01-21,Away,22:44,0,0,3,1,2,0,0,0,0/0
Connor Clifton,Sabres,2025-01-21,Away,11:04,0,0,-2,0,1,0,0,1,0/0
Rasmus Dahlin,Sabres,2025-01-21,Away,23:10,0,2,3,1,0,0,1,5,0/0
Dennis Gilbert,Sabres,2025-01-21,Away,07:48,0,0,-2,0,1,0,0,0,0/0
Henri Jokiharju,Sabres,2025-01-21,Away,10:03,0,0,0,1,0,0,0,1,0/0
Owen Power,Sabres,2025-01-21,Away,23:01,0,0,0,1,1,0,0,1,0/0
Mattias Samuelsson,Sabres,2025-01-21,Away,18:10,0,0,0,0,1,0,0,0,0/0
Zach Benson,Sabres,2025-01-23,Away,17:21,0,0,-1,2,1,0,0,0,1/1
Dylan Cozens,Sabres,2025-01-23,Away,19:57,0,0,-1,1,1,0,1,0,11/15
Tyson Kozak,Sabres,2025-01-23,Away,13:04,0,0,0,1,2,0,0,1,2/6
Peyton Krebs,Sabres,2025-01-23,Away,17:37,0,0,-2,2,0,5,0,1,11/16
Jiri Kulich,Sabres,2025-01-23,Away,19:07,0,0,-1,1,1,0,0,1,9/16
Sam Lafferty,Sabres,2025-01-23,Away,07:14,0,1,0,1,1,2,0,0,0/3
Beck Malenstyn,Sabres,2025-01-23,Away,08:08,0,0,0,2,1,0,0,0,0/0
JJ Peterka,Sabres,2025-01-23,Away,21:19,0,1,-2,3,0,0,0,3,0/0
Jack Quinn,Sabres,2025-01-23,Away,18:56,0,0,-2,3,1,2,0,1,0/0
Tage Thompson,Sabres,2025-01-23,Away,21:03,1,0,-2,1,0,0,0,2,6/8
Alex Tuch,Sabres,2025-01-23,Away,17:58,0,0,-2,4,0,0,1,0,1/2
Bowen Byram,Sabres,2025-01-23,Away,21:30,0,0,-1,3,1,0,0,2,0/0
Connor Clifton,Sabres,2025-01-23,Away,09:22,0,0,0,0,1,2,0,0,0/0
Rasmus Dahlin,Sabres,2025-01-23,Away,24:30,0,0,-1,3,3,0,0,1,0/0
Dennis Gilbert,Sabres,2025-01-23,Away,07:18,0,0,-1,2,1,0,0,0,0/0
Henri Jokiharju,Sabres,2025-01-23,Away,12:53,0,1,0,0,0,0,0,2,0/0
Owen Power,Sabres,2025-01-23,Away,20:12,0,0,-2,3,2,0,0,0,0/0
Mattias Samuelsson,Sabres,2025-01-23,Away,17:34,1,1,1,2,1,0,0,0,0/0
Zach Benson,Sabres,2025-01-25,Away,13:54,0,0,0,1,0,0,0,0,0/0
Dylan Cozens,Sabres,2025-01-25,Away,16:12,0,1,1,4,0,0,0,0,9/12
Peyton Krebs,Sabres,2025-01-25,Away,16:56,0,0,0,4,0,2,0,1,2/7
Jiri Kulich,Sabres,2025-01-25,Away,16:22,1,0,0,7,1,0,0,1,7/15
Sam Lafferty,Sabres,2025-01-25,Away,09:07,0,0,-1,1,0,0,0,0,1/2
Beck Malenstyn,Sabres,2025-01-25,Away,08:07,0,0,-1,1,0,0,0,0,0/0
Ryan McLeod,Sabres,2025-01-25,Away,19:00,0,0,0,1,0,0,1,1,9/19
JJ Peterka,Sabres,2025-01-25,Away,18:34,0,0,-1,3,0,0,0,1,0/0
Jack Quinn,Sabres,2025-01-25,Away,18:02,0,0,0,1,0,0,0,0,0/0
Tage Thompson,Sabres,2025-01-25,Away,16:53,0,0,-1,5,0,0,1,1,3/5
Alex Tuch,Sabres,2025-01-25,Away,19:19,1,0,1,2,2,0,3,2,0/1
Jason Zucker,Sabres,2025-01-25,Away,15:05,0,1,0,3,0,0,1,2,1/4
Jacob Bryson,Sabres,2025-01-25,Away,12:18,0,1,0,1,0,0,0,0,0/0
Bowen Byram,Sabres,2025-01-25,Away,21:01,0,0,-1,0,0,0,0,2,0/0
Rasmus Dahlin,Sabres,2025-01-25,Away,24:06,0,0,-1,2,2,0,1,3,0/0
Henri Jokiharju,Sabres,2025-01-25,Away,13:05,0,0,0,0,1,0,0,0,0/0
Owen Power,Sabres,2025-01-25,Away,21:32,0,1,0,2,1,0,0,2,0/0
Mattias Samuelsson,Sabres,2025-01-25,Away,20:22,0,0,-1,3,1,0,0,0,0/0
Zach Benson,Sabres,2025-01-28,Home,10:56,1,0,-1,2,0,0,0,1,0/0
Dylan Cozens,Sabres,2025-01-28,Home,18:58,0,2,1,5,1,2,1,1,10/18
Tyson Kozak,Sabres,2025-01-28,Home,09:08,0,0,-1,1,2,0,0,0,3/6
Peyton Krebs,Sabres,2025-01-28,Home,15:08,0,0,0,1,0,0,0,0,1/2
Jiri Kulich,Sabres,2025-01-28,Home,13:51,0,1,4,1,0,0,0,0,4/8
Beck Malenstyn,Sabres,2025-01-28,Home,07:42,0,0,-1,0,1,0,0,0,1/1
Ryan McLeod,Sabres,2025-01-28,Home,16:27,0,1,1,2,0,0,0,0,3/11
JJ Peterka,Sabres,2025-01-28,Home,16:08,3,1,6,4,0,0,0,1,0/0
Jack Quinn,Sabres,2025-01-28,Home,18:08,0,1,0,3,0,0,0,0,0/0
Tage Thompson,Sabres,2025-01-28,Home,15:43,3,1,6,6,4,0,0,0,2/5
Alex Tuch,Sabres,2025-01-28,Home,19:44,0,0,0,4,2,0,0,0,0/0
Jason Zucker,Sabres,2025-01-28,Home,18:31,0,0,0,1,0,0,1,1,0/1
Jacob Bryson,Sabres,2025-01-28,Home,14:20,0,0,1,0,2,0,0,0,0/0
Bowen Byram,Sabres,2025-01-28,Home,22:58,0,1,2,0,1,0,0,0,0/0
Rasmus Dahlin,Sabres,2025-01-28,Home,22:44,0,1,1,1,0,0,1,1,0/0
Henri Jokiharju,Sabres,2025-01-28,Home,14:51,0,0,3,0,0,0,0,2,0/0
Owen Power,Sabres,2025-01-28,Home,20:46,0,1,2,2,2,0,0,2,0/0
Mattias Samuelsson,Sabres,2025-01-28,Home,20:35,0,1,1,0,3,2,0,1,0/0
Zach Benson,Sabres,2025-01-31,Home,12:39,0,0,0,0,1,0,0,1,0/0
Dylan Cozens,Sabres,2025-01-31,Home,15:05,0,0,1,2,0,0,0,0,9/13
Tyson Kozak,Sabres,2025-01-31,Home,10:02,0,0,0,0,1,0,0,1,1/8
Peyton Krebs,Sabres,2025-01-31,Home,13:44,0,0,-1,2,1,0,0,0,1/3
Jiri Kulich,Sabres,2025-01-31,Home,15:44,2,0,2,2,1,4,1,0,3/11
Beck Malenstyn,Sabres,2025-01-31,Home,12:20,0,0,0,1,0,0,0,1,0/1
Ryan McLeod,Sabres,2025-01-31,Home,14:43,1,0,-2,1,1,0,0,1,4/11
JJ Peterka,Sabres,2025-01-31,Home,18:33,0,1,2,2,0,0,0,1,0/0
Jack Quinn,Sabres,2025-01-31,Home,12:27,0,1,-1,2,1,0,0,0,0/0
Tage Thompson,Sabres,2025-01-31,Home,17:07,0,1,2,0,0,0,0,1,1/6
Alex Tuch,Sabres,2025-01-31,Home,18:14,0,1,0,1,0,0,0,0,0/0
Jason Zucker,Sabres,2025-01-31,Home,13:48,1,0,0,3,0,2,0,0,0/0
Jacob Bryson,Sabres,2025-01-31,Home,12:33,0,0,0,2,0,0,0,0,0/0
Bowen Byram,Sabres,2025-01-31,Home,26:19,0,0,1,2,4,0,0,0,0/0
Rasmus Dahlin,Sabres,2025-01-31,Home,25:39,0,2,0,2,3,2,3,4,0/0
Henri Jokiharju,Sabres,2025-01-31,Home,10:43,0,0,0,1,0,0,0,1,0/0
Owen Power,Sabres,2025-01-31,Home,20:42,0,1,-1,2,2,0,0,1,0/0
Mattias Samuelsson,Sabres,2025-01-31,Home,21:38,0,0,2,2,2,0,0,1,0/0
Zach Benson,Sabres,2025-02-02,Home,12:09,0,0,0,1,1,0,0,0,0/0
Dylan Cozens,Sabres,2025-02-02,Home,21:08,0,0,-1,1,2,0,0,1,6/10
Peyton Krebs,Sabres,2025-02-02,Home,14:18,0,0,0,0,0,0,0,1,3/5
Jiri Kulich,Sabres,2025-02-02,Home,15:11,0,0,0,2,1,0,0,2,4/8
Beck Malenstyn,Sabres,2025-02-02,Home,14:24,0,0,0,1,0,2,0,0,0/0
Ryan McLeod,Sabres,2025-02-02,Home,17:31,1,0,1,1,1,0,1,1,14/20
JJ Peterka,Sabres,2025-02-02,Home,16:09,1,0,0,5,0,0,0,0,0/0
Jack Quinn,Sabres,2025-02-02,Home,08:41,0,0,0,0,0,0,0,1,0/0
Tage Thompson,Sabres,2025-02-02,Home,13:39,1,2,1,3,1,0,0,0,0/1
Alex Tuch,Sabres,2025-02-02,Home,23:45,0,1,1,4,2,2,0,0,0/0
Jason Zucker,Sabres,2025-02-02,Home,17:10,1,0,0,3,0,2,1,1,0/0
Jacob Bryson,Sabres,2025-02-02,Home,13:38,0,0,0,0,2,0,1,1,0/0
Bowen Byram,Sabres,2025-02-02,Home,21:31,0,1,-1,1,1,2,0,1,0/0
Rasmus Dahlin,Sabres,2025-02-02,Home,20:33,0,2,0,1,2,2,0,1,0/0
Dennis Gilbert,Sabres,2025-02-02,Home,06:36,0,1,0,0,2,0,0,1,0/0
Henri Jokiharju,Sabres,2025-02-02,Home,12:04,0,0,0,0,0,0,0,3,0/0
Owen Power,Sabres,2025-02-02,Home,23:28,0,1,2,9,0,0,0,1,0/0
Mattias Samuelsson,Sabres,2025-02-02,Home,18:05,0,0,1,2,7,0,0,0,0/0
Zach Benson,Sabres,2025-02-04,Home,16:26,0,0,0,2,0,0,0,1,0/0
Dylan Cozens,Sabres,2025-02-04,Home,15:15,0,0,0,0,0,2,0,2,4/7
Peyton Krebs,Sabres,2025-02-04,Home,16:26,0,0,1,1,0,0,0,1,7/12
Jiri Kulich,Sabres,2025-02-04,Home,17:31,0,0,-1,2,0,0,0,0,9/17
Beck Malenstyn,Sabres,2025-02-04,Home,06:58,0,0,0,0,1,0,0,1,0/0
Ryan McLeod,Sabres,2025-02-04,Home,22:19,0,0,2,0,0,0,1,2,5/14
JJ Peterka,Sabres,2025-02-04,Home,18:25,0,0,-1,2,0,0,1,0,0/0
Jack Quinn,Sabres,2025-02-04,Home,15:22,0,0,0,2,0,0,0,0,0/0
Isak Rosen,Sabres,2025-02-04,Home,11:46,0,0,-1,1,0,0,0,2,0/0
Alex Tuch,Sabres,2025-02-04,Home,22:15,2,1,1,5,3,0,0,2,1/1
Jason Zucker,Sabres,2025-02-04,Home,16:52,0,2,2,0,2,0,0,1,1/1
Jacob Bryson,Sabres,2025-02-04,Home,16:30,0,0,0,1,0,0,0,1,0/0
Bowen Byram,Sabres,2025-02-04,Home,22:27,1,1,1,1,1,0,0,1,0/0
Connor Clifton,Sabres,2025-02-04,Home,14:40,0,0,0,0,3,0,0,3,0/0
Rasmus Dahlin,Sabres,2025-02-04,Home,23:36,0,1,1,1,4,0,1,2,0/0
Dennis Gilbert,Sabres,2025-02-04,Home,08:41,0,1,1,0,2,5,0,0,0/0
Henri Jokiharju,Sabres,2025-02-04,Home,13:27,0,0,-1,0,0,0,0,3,0/0
Owen Power,Sabres,2025-02-04,Home,19:04,0,0,0,3,3,0,0,0,0/0
Zach Benson,Sabres,2025-02-08,Away,11:44,0,1,1,2,0,0,0,1,0/0
Dylan Cozens,Sabres,2025-02-08,Away,15:58,1,0,-1,1,1,2,0,2,4/8
Peyton Krebs,Sabres,2025-02-08,Away,18:56,0,0,0,2,0,0,1,1,4/11
Jiri Kulich,Sabres,2025-02-08,Away,15:01,0,0,-3,1,3,0,0,0,3/9
Sam Lafferty,Sabres,2025-02-08,Away,09:05,0,0,1,2,0,0,0,0,2/2
Ryan McLeod,Sabres,2025-02-08,Away,21:09,0,1,2,1,0,0,0,1,11/23
JJ Peterka,Sabres,2025-02-08,Away,19:07,0,0,-4,1,0,0,0,3,0/0
Jack Quinn,Sabres,2025-02-08,Away,15:21,0,0,0,4,0,0,1,0,0/0
Tage Thompson,Sabres,2025-02-08,Away,18:59,0,0,-4,3,1,0,0,1,1/3
Alex Tuch,Sabres,2025-02-08,Away,17:50,1,2,0,2,2,2,0,3,0/0
Jason Zucker,Sabres,2025-02-08,Away,19:27,0,1,0,2,0,0,0,4,1/3
Jacob Bryson,Sabres,2025-02-08,Away,11:56,0,0,-1,0,1,0,0,1,0/0
Bowen Byram,Sabres,2025-02-08,Away,23:20,1,1,1,2,1,0,0,0,0/0
Connor Clifton,Sabres,2025-02-08,Away,11:05,0,0,-1,1,2,0,0,0,0/0
Rasmus Dahlin,Sabres,2025-02-08,Away,24:02,1,1,2,1,1,0,2,1,0/0
Dennis Gilbert,Sabres,2025-02-08,Away,08:28,0,0,0,1,2,2,1,0,0/0
Henri Jokiharju,Sabres,2025-02-08,Away,13:00,0,0,-2,0,0,0,0,0,0/0
Owen Power,Sabres,2025-02-08,Away,23:02,0,1,-2,3,1,0,1,1,0/0
Zach Benson,Sabres,2025-02-22,Home,14:02,0,1,1,3,0,4,0,0,0/0
Dylan Cozens,Sabres,2025-02-22,Home,15:34,0,0,2,2,0,0,1,1,5/8
Jordan Greenway,Sabres,2025-02-22,Home,14:39,0,1,2,2,1,0,0,1,0/2
Peyton Krebs,Sabres,2025-02-22,Home,12:21,0,0,1,0,0,0,0,0,2/7
Jiri Kulich,Sabres,2025-02-22,Home,17:31,0,1,2,2,0,0,0,2,6/13
Beck Malenstyn,Sabres,2025-02-22,Home,11:50,0,0,-1,0,2,4,0,0,1/1
Ryan McLeod,Sabres,2025-02-22,Home,16:18,2,0,3,2,0,0,0,1,12/21
JJ Peterka,Sabres,2025-02-22,Home,17:37,0,1,2,2,0,0,1,0,0/0
Jack Quinn,Sabres,2025-02-22,Home,15:40,1,0,2,2,1,0,0,1,0/0
Tage Thompson,Sabres,2025-02-22,Home,17:16,2,1,2,4,0,0,0,4,3/6
Alex Tuch,Sabres,2025-02-22,Home,13:19,0,0,0,3,2,0,0,1,1/1
Jason Zucker,Sabres,2025-02-22,Home,11:47,0,3,2,3,1,0,1,0,0/0
Bowen Byram,Sabres,2025-02-22,Home,21:16,0,0,2,0,2,0,0,2,0/0
Rasmus Dahlin,Sabres,2025-02-22,Home,20:42,2,1,3,5,1,0,0,0,0/0
Dennis Gilbert,Sabres,2025-02-22,Home,16:52,0,1,2,0,3,0,1,0,0/0
Henri Jokiharju,Sabres,2025-02-22,Home,16:18,1,0,2,1,0,0,0,0,0/0
Owen Power,Sabres,2025-02-22,Home,20:46,0,1,2,2,3,0,0,0,0/0
Mattias Samuelsson,Sabres,2025-02-22,Home,20:03,0,0,1,0,3,0,0,1,0/0
Zach Benson,Sabres,2025-02-25,Home,11:44,0,0,0,2,2,0,0,1,0/0
Dylan Cozens,Sabres,2025-02-25,Home,15:42,0,3,3,4,0,0,0,0,9/18
Jordan Greenway,Sabres,2025-02-25,Home,17:06,0,0,0,1,1,2,0,0,2/3
Peyton Krebs,Sabres,2025-02-25,Home,08:56,0,0,0,0,0,7,1,0,2/5
Jiri Kulich,Sabres,2025-02-25,Home,12:12,0,0,0,2,1,0,0,1,6/10
Beck Malenstyn,Sabres,2025-02-25,Home,09:13,0,0,0,0,1,0,0,0,0/2
Ryan McLeod,Sabres,2025-02-25,Home,17:27,0,0,0,2,0,0,1,1,8/12
JJ Peterka,Sabres,2025-02-25,Home,18:18,1,0,3,3,0,0,0,0,0/0
Jack Quinn,Sabres,2025-02-25,Home,16:04,0,1,2,3,0,0,0,0,0/0
Tage Thompson,Sabres,2025-02-25,Home,16:27,0,0,0,7,0,0,0,0,5/10
Alex Tuch,Sabres,2025-02-25,Home,19:16,1,0,1,5,3,2,0,2,3/4
Jason Zucker,Sabres,2025-02-25,Home,12:57,0,0,0,2,0,0,0,0,3/3
Bowen Byram,Sabres,2025-02-25,Home,25:50,0,0,0,2,0,0,0,2,0/0
Rasmus Dahlin,Sabres,2025-02-25,Home,24:41,0,0,0,0,0,2,0,2,0/0
Dennis Gilbert,Sabres,2025-02-25,Home,11:31,0,0,0,0,2,0,0,1,0/0
Henri Jokiharju,Sabres,2025-02-25,Home,12:25,1,0,3,1,0,0,0,0,0/0
Owen Power,Sabres,2025-02-25,Home,20:40,0,1,3,1,0,0,1,0,0/0
Mattias Samuelsson,Sabres,2025-02-25,Home,20:27,0,0,0,0,3,2,0,2,0/0
Zach Benson,Sabres,2025-02-27,Away,12:20,0,0,-1,0,0,2,0,0,0/0
Dylan Cozens,Sabres,2025-02-27,Away,13:54,0,0,0,0,0,5,0,0,4/6
Jordan Greenway,Sabres,2025-02-27,Away,14:56,0,0,-1,1,2,0,0,3,0/4
Peyton Krebs,Sabres,2025-02-27,Away,17:47,0,0,-2,2,1,0,1,0,4/6
Jiri Kulich,Sabres,2025-02-27,Away,11:23,0,0,-1,0,0,0,0,0,1/6
Sam Lafferty,Sabres,2025-02-27,Away,07:47,0,0,0,0,0,0,0,1,3/5
Beck Malenstyn,Sabres,2025-02-27,Away,09:12,0,0,0,0,2,0,0,2,1/1
Ryan McLeod,Sabres,2025-02-27,Away,18:39,0,1,-1,0,0,2,2,1,11/20
JJ Peterka,Sabres,2025-02-27,Away,21:11,1,0,-1,2,0,0,0,2,0/0
Jack Quinn,Sabres,2025-02-27,Away,20:17,0,1,1,1,1,0,0,1,0/0
Tage Thompson,Sabres,2025-02-27,Away,17:29,0,0,-2,1,2,0,0,0,6/16
Alex Tuch,Sabres,2025-02-27,Away,17:35,1,0,-2,5,0,0,0,0,1/2
Bowen Byram,Sabres,2025-02-27,Away,22:52,0,0,-3,0,2,0,0,1,0/0
Rasmus Dahlin,Sabres,2025-02-27,Away,25:38,0,0,-1,1,4,0,1,3,0/0
Dennis Gilbert,Sabres,2025-02-27,Away,12:14,0,0,-1,0,3,0,1,1,0/0
Henri Jokiharju,Sabres,2025-02-27,Away,15:21,0,0,-2,0,0,0,0,1,0/0
Owen Power,Sabres,2025-02-27,Away,21:33,0,0,0,2,2,0,0,1,0/0
Mattias Samuelsson,Sabres,2025-02-27,Away,18:21,0,0,1,0,2,0,0,1,0/0
Zach Benson,Sabres,2025-03-01,Home,10:32,0,0,-1,1,0,0,0,0,0/0
Dylan Cozens,Sabres,2025-03-01,Home,17:44,0,0,1,2,0,2,0,3,8/16
Jordan Greenway,Sabres,2025-03-01,Home,16:18,0,0,0,2,1,4,1,4,0/0
Peyton Krebs,Sabres,2025-03-01,Home,12:09,0,0,0,0,0,0,1,1,3/5
Jiri Kulich,Sabres,2025-03-01,Home,15:39,1,0,-1,3,1,0,0,1,2/10
Beck Malenstyn,Sabres,2025-03-01,Home,08:51,0,0,0,1,2,2,0,0,0/0
Ryan McLeod,Sabres,2025-03-01,Home,16:35,0,0,-1,1,0,0,0,0,3/16
JJ Peterka,Sabres,2025-03-01,Home,20:01,0,1,1,1,0,12,1,1,0/0
Jack Quinn,Sabres,2025-03-01,Home,14:51,0,0,0,1,1,0,0,1,0/0
Tage Thompson,Sabres,2025-03-01,Home,20:17,0,0,-1,2,2,2,0,2,11/19
Alex Tuch,Sabres,2025-03-01,Home,20:22,1,0,-1,2,1,0,1,4,1/1
Jacob Bryson,Sabres,2025-03-01,Home,15:34,0,1,0,1,0,0,0,0,0/0
Bowen Byram,Sabres,2025-03-01,Home,22:07,0,0,-1,2,3,2,0,3,0/0
Connor Clifton,Sabres,2025-03-01,Home,12:18,0,0,0,1,4,0,1,3,0/0
Rasmus Dahlin,Sabres,2025-03-01,Home,24:44,0,1,-1,3,1,0,0,2,0/0
Dennis Gilbert,Sabres,2025-03-01,Home,07:20,0,0,0,0,0,0,0,0,0/0
Owen Power,Sabres,2025-03-01,Home,19:30,0,0,0,2,2,0,0,1,0/0
Mattias Samuelsson,Sabres,2025-03-01,Home,16:55,0,0,0,0,0,0,0,1,0/0
